product_id,name,description,price,created_on,updated_on
1,Widget 1,Description 1,91.64,2020-01-01 00:00:00,2020-01-01 23:00:00
2,Widget 2,Description 2,6.18,2020-01-01 00:01:00,2020-01-01 20:01:00
3,Widget 3,Description 3,53.23,2020-01-01 00:02:00,2020-01-01 17:02:00
4,Widget 4,Description 4,3.53,2020-01-01 00:03:00,2020-01-01 02:03:00
5,Widget 5,Description 5,45.16,2020-01-01 00:04:00,2020-01-01 11:04:00
6,Widget 6,Description 6,15.92,2020-01-01 00:05:00,2020-01-01 19:05:00
7,Widget 7,Description 7,86.3,2020-01-01 00:06:00,2020-01-01 04:06:00
8,Widget 8,Description 8,80.46,2020-01-01 00:07:00,2020-01-01 09:07:00
9,Widget 9,Description 9,39.92,2020-01-01 00:08:00,2020-01-01 08:08:00
10,Widget 10,Description 10,80.03,2020-01-01 00:09:00,2020-01-01 04:09:00
11,Widget 11,Description 11,10.57,2020-01-01 00:10:00,2020-01-01 12:10:00
12,Widget 12,Description 12,11.82,2020-01-01 00:11:00,2020-01-01 00:11:00
13,Widget 13,Description 13,39.65,2020-01-01 00:12:00,2020-01-01 19:12:00
14,Widget 14,Description 14,52.46,2020-01-01 00:13:00,2020-01-01 12:13:00
15,Widget 15,Description 15,11.17,2020-01-01 00:14:00,2020-01-01 20:14:00
16,Widget 16,Description 16,48.01,2020-01-01 00:15:00,2020-01-01 07:15:00
17,Widget 17,Description 17,60.1,2020-01-01 00:16:00,2020-01-01 00:16:00
18,Widget 18,Description 18,39.44,2020-01-01 00:17:00,2020-01-01 07:17:00
19,Widget 19,Description 19,53.84,2020-01-01 00:18:00,2020-01-01 21:18:00
20,Widget 20,Description 20,8.92,2020-01-01 00:19:00,2020-01-01 22:19:00
21,Widget 21,Description 21,48.91,2020-01-01 00:20:00,2020-01-01 22:20:00
22,Widget 22,Description 22,13.6,2020-01-01 00:21:00,2020-01-01 10:21:00
23,Widget 23,Description 23,99.38,2020-01-01 00:22:00,2020-01-01 01:22:00
24,Widget 24,Description 24,62.84,2020-01-01 00:23:00,2020-01-01 16:23:00
25,Widget 25,Description 25,74.8,2020-01-01 00:24:00,2020-01-01 01:24:00
26,Widget 26,Description 26,47.01,2020-01-01 00:25:00,2020-01-01 16:25:00
27,Widget 27,Description 27,94.43,2020-01-01 00:26:00,2020-01-01 15:26:00
28,Widget 28,Description 28,17.95,2020-01-01 00:27:00,2020-01-01 13:27:00
29,Widget 29,Description 29,97.9,2020-01-01 00:28:00,2020-01-01 12:28:00
30,Widget 30,Description 30,73.09,2020-01-01 00:29:00,2020-01-01 02:29:00
31,Widget 31,Description 31,30.62,2020-01-01 00:30:00,2020-01-01 01:30:00
32,Widget 32,Description 32,36.12,2020-01-01 00:31:00,2020-01-01 00:31:00
33,Widget 33,Description 33,42.04,2020-01-01 00:32:00,2020-01-01 09:32:00
34,Widget 34,Description 34,32.6,2020-01-01 00:33:00,2020-01-01 15:33:00
35,Widget 35,Description 35,71.52,2020-01-01 00:34:00,2020-01-01 05:34:00
36,Widget 36,Description 36,74.96,2020-01-01 00:35:00,2020-01-01 19:35:00
37,Widget 37,Description 37,36.52,2020-01-01 00:36:00,2020-01-01 08:36:00
38,Widget 38,Description 38,30.41,2020-01-01 00:37:00,2020-01-01 20:37:00
39,Widget 39,Description 39,9.72,2020-01-01 00:38:00,2020-01-01 06:38:00
40,Widget 40,Description 40,94.67,2020-01-01 00:39:00,2020-01-01 12:39:00
41,Widget 41,Description 41,33.03,2020-01-01 00:40:00,2020-01-01 18:40:00
42,Widget 42,Description 42,86.91,2020-01-01 00:41:00,2020-01-01 13:41:00
43,Widget 43,Description 43,81.44,2020-01-01 00:42:00,2020-01-01 16:42:00
44,Widget 44,Description 44,92.7,2020-01-01 00:43:00,2020-01-01 15:43:00
45,Widget 45,Description 45,18.23,2020-01-01 00:44:00,2020-01-01 11:44:00
46,Widget 46,Description 46,59.26,2020-01-01 00:45:00,2020-01-01 01:45:00
47,Widget 47,Description 47,80.32,2020-01-01 00:46:00,2020-01-01 00:46:00
48,Widget 48,Description 48,36.56,2020-01-01 00:47:00,2020-01-01 08:47:00
49,Widget 49,Description 49,18.65,2020-01-01 00:48:00,2020-01-01 05:48:00
50,Widget 50,Description 50,95.07,2020-01-01 00:49:00,2020-01-01 12:49:00
51,Widget 51,Description 51,13.56,2020-01-01 00:50:00,2020-01-01 15:50:00
52,Widget 52,Description 52,9.85,2020-01-01 00:51:00,2020-01-01 14:51:00
53,Widget 53,Description 53,73.5,2020-01-01 00:52:00,2020-01-01 09:52:00
54,Widget 54,Description 54,17.55,2020-01-01 00:53:00,2020-01-01 18:53:00
55,Widget 55,Description 55,2.26,2020-01-01 00:54:00,2020-01-01 04:54:00
56,Widget 56,Description 56,12.04,2020-01-01 00:55:00,2020-01-01 15:55:00
57,Widget 57,Description 57,97.02,2020-01-01 00:56:00,2020-01-01 22:56:00
58,Widget 58,Description 58,73.64,2020-01-01 00:57:00,2020-01-01 15:57:00
59,Widget 59,Description 59,49.21,2020-01-01 00:58:00,2020-01-01 08:58:00
60,Widget 60,Description 60,53.27,2020-01-01 00:59:00,2020-01-01 18:59:00
61,Widget 61,Description 61,88.53,2020-01-01 01:00:00,2020-01-01 14:00:00
62,Widget 62,Description 62,18.27,2020-01-01 01:01:00,2020-01-01 06:01:00
63,Widget 63,Description 63,81.41,2020-01-01 01:02:00,2020-01-01 20:02:00
64,Widget 64,Description 64,31.25,2020-01-01 01:03:00,2020-01-01 07:03:00
65,Widget 65,Description 65,75.31,2020-01-01 01:04:00,2020-01-02 00:04:00
66,Widget 66,Description 66,85.94,2020-01-01 01:05:00,2020-01-01 19:05:00
67,Widget 67,Description 67,93.89,2020-01-01 01:06:00,2020-01-01 15:06:00
68,Widget 68,Description 68,40.26,2020-01-01 01:07:00,2020-01-01 19:07:00
69,Widget 69,Description 69,77.9,2020-01-01 01:08:00,2020-01-01 06:08:00
70,Widget 70,Description 70,3.1,2020-01-01 01:09:00,2020-01-01 17:09:00
71,Widget 71,Description 71,85.74,2020-01-01 01:10:00,2020-01-01 07:10:00
72,Widget 72,Description 72,48.36,2020-01-01 01:11:00,2020-01-01 13:11:00
73,Widget 73,Description 73,74.61,2020-01-01 01:12:00,2020-01-01 03:12:00
74,Widget 74,Description 74,56.22,2020-01-01 01:13:00,2020-01-01 22:13:00
75,Widget 75,Description 75,4.04,2020-01-01 01:14:00,2020-01-01 21:14:00
76,Widget 76,Description 76,66.73,2020-01-01 01:15:00,2020-01-01 22:15:00
77,Widget 77,Description 77,38.01,2020-01-01 01:16:00,2020-01-01 05:16:00
78,Widget 78,Description 78,20.39,2020-01-01 01:17:00,2020-01-01 23:17:00
79,Widget 79,Description 79,15.45,2020-01-01 01:18:00,2020-01-01 19:18:00
80,Widget 80,Description 80,42.43,2020-01-01 01:19:00,2020-01-01 03:19:00
81,Widget 81,Description 81,59.41,2020-01-01 01:20:00,2020-01-01 08:20:00
82,Widget 82,Description 82,40.5,2020-01-01 01:21:00,2020-01-01 21:21:00
83,Widget 83,Description 83,35.86,2020-01-01 01:22:00,2020-01-01 16:22:00
84,Widget 84,Description 84,13.99,2020-01-01 01:23:00,2020-01-01 15:23:00
85,Widget 85,Description 85,4.69,2020-01-01 01:24:00,2020-01-01 02:24:00
86,Widget 86,Description 86,9.24,2020-01-01 01:25:00,2020-01-01 22:25:00
87,Widget 87,Description 87,93.76,2020-01-01 01:26:00,2020-01-01 04:26:00
88,Widget 88,Description 88,64.53,2020-01-01 01:27:00,2020-01-01 13:27:00
89,Widget 89,Description 89,63.0,2020-01-01 01:28:00,2020-01-01 22:28:00
90,Widget 90,Description 90,27.18,2020-01-01 01:29:00,2020-01-01 01:29:00
91,Widget 91,Description 91,30.28,2020-01-01 01:30:00,2020-01-02 00:30:00
92,Widget 92,Description 92,81.87,2020-01-01 01:31:00,2020-01-01 01:31:00
93,Widget 93,Description 93,78.27,2020-01-01 01:32:00,2020-01-01 20:32:00
94,Widget 94,Description 94,74.21,2020-01-01 01:33:00,2020-01-01 13:33:00
95,Widget 95,Description 95,18.04,2020-01-01 01:34:00,2020-01-01 20:34:00
96,Widget 96,Description 96,60.6,2020-01-01 01:35:00,2020-01-01 15:35:00
97,Widget 97,Description 97,67.39,2020-01-01 01:36:00,2020-01-01 22:36:00
98,Widget 98,Description 98,34.62,2020-01-01 01:37:00,2020-01-01 03:37:00
99,Widget 99,Description 99,33.53,2020-01-01 01:38:00,2020-01-01 09:38:00
100,Widget 100,Description 100,33.0,2020-01-01 01:39:00,2020-01-01 05:39:00
101,Widget 101,Description 101,45.04,2020-01-01 01:40:00,2020-01-01 01:40:00
102,Widget 102,Description 102,2.09,2020-01-01 01:41:00,2020-01-01 19:41:00
103,Widget 103,Description 103,61.22,2020-01-01 01:42:00,2020-01-01 20:42:00
104,Widget 104,Description 104,32.07,2020-01-01 01:43:00,2020-01-01 06:43:00
105,Widget 105,Description 105,88.76,2020-01-01 01:44:00,2020-01-01 16:44:00
106,Widget 106,Description 106,84.33,2020-01-01 01:45:00,2020-01-01 21:45:00
107,Widget 107,Description 107,55.83,2020-01-01 01:46:00,2020-01-01 13:46:00
108,Widget 108,Description 108,24.33,2020-01-01 01:47:00,2020-01-01 20:47:00
109,Widget 109,Description 109,92.44,2020-01-01 01:48:00,2020-01-01 11:48:00
110,Widget 110,Description 110,28.34,2020-01-01 01:49:00,2020-01-01 22:49:00
111,Widget 111,Description 111,35.84,2020-01-01 01:50:00,2020-01-01 17:50:00
112,Widget 112,Description 112,73.22,2020-01-01 01:51:00,2020-01-01 17:51:00
113,Widget 113,Description 113,78.46,2020-01-01 01:52:00,2020-01-01 01:52:00
114,Widget 114,Description 114,38.77,2020-01-01 01:53:00,2020-01-01 19:53:00
115,Widget 115,Description 115,19.73,2020-01-01 01:54:00,2020-01-01 05:54:00
116,Widget 116,Description 116,91.96,2020-01-01 01:55:00,2020-01-01 10:55:00
117,Widget 117,Description 117,69.38,2020-01-01 01:56:00,2020-01-01 21:56:00
118,Widget 118,Description 118,61.65,2020-01-01 01:57:00,2020-01-01 17:57:00
119,Widget 119,Description 119,41.66,2020-01-01 01:58:00,2020-01-01 06:58:00
120,Widget 120,Description 120,5.26,2020-01-01 01:59:00,2020-01-02 00:59:00
121,Widget 121,Description 121,1.03,2020-01-01 02:00:00,2020-01-01 16:00:00
122,Widget 122,Description 122,62.45,2020-01-01 02:01:00,2020-01-01 03:01:00
123,Widget 123,Description 123,84.17,2020-01-01 02:02:00,2020-01-01 21:02:00
124,Widget 124,Description 124,79.4,2020-01-01 02:03:00,2020-01-01 13:03:00
125,Widget 125,Description 125,82.71,2020-01-01 02:04:00,2020-01-01 08:04:00
126,Widget 126,Description 126,51.11,2020-01-01 02:05:00,2020-01-01 11:05:00
127,Widget 127,Description 127,40.99,2020-01-01 02:06:00,2020-01-01 11:06:00
128,Widget 128,Description 128,84.45,2020-01-01 02:07:00,2020-01-01 13:07:00
129,Widget 129,Description 129,81.83,2020-01-01 02:08:00,2020-01-02 01:08:00
130,Widget 130,Description 130,27.21,2020-01-01 02:09:00,2020-01-01 14:09:00
131,Widget 131,Description 131,14.86,2020-01-01 02:10:00,2020-01-01 05:10:00
132,Widget 132,Description 132,36.27,2020-01-01 02:11:00,2020-01-01 07:11:00
133,Widget 133,Description 133,99.72,2020-01-01 02:12:00,2020-01-01 08:12:00
134,Widget 134,Description 134,27.42,2020-01-01 02:13:00,2020-01-01 22:13:00
135,Widget 135,Description 135,75.86,2020-01-01 02:14:00,2020-01-01 22:14:00
136,Widget 136,Description 136,58.25,2020-01-01 02:15:00,2020-01-01 20:15:00
137,Widget 137,Description 137,14.9,2020-01-01 02:16:00,2020-01-01 05:16:00
138,Widget 138,Description 138,29.96,2020-01-01 02:17:00,2020-01-01 17:17:00
139,Widget 139,Description 139,6.96,2020-01-01 02:18:00,2020-01-01 09:18:00
140,Widget 140,Description 140,68.73,2020-01-01 02:19:00,2020-01-01 08:19:00
141,Widget 141,Description 141,24.33,2020-01-01 02:20:00,2020-01-01 05:20:00
142,Widget 142,Description 142,81.08,2020-01-01 02:21:00,2020-01-01 14:21:00
143,Widget 143,Description 143,1.11,2020-01-01 02:22:00,2020-01-01 04:22:00
144,Widget 144,Description 144,33.34,2020-01-01 02:23:00,2020-01-01 14:23:00
145,Widget 145,Description 145,26.3,2020-01-01 02:24:00,2020-01-01 02:24:00
146,Widget 146,Description 146,8.66,2020-01-01 02:25:00,2020-01-01 23:25:00
147,Widget 147,Description 147,94.89,2020-01-01 02:26:00,2020-01-01 19:26:00
148,Widget 148,Description 148,26.88,2020-01-01 02:27:00,2020-01-01 03:27:00
149,Widget 149,Description 149,81.2,2020-01-01 02:28:00,2020-01-01 07:28:00
150,Widget 150,Description 150,1.64,2020-01-01 02:29:00,2020-01-02 01:29:00
151,Widget 151,Description 151,93.43,2020-01-01 02:30:00,2020-01-01 14:30:00
152,Widget 152,Description 152,19.14,2020-01-01 02:31:00,2020-01-01 10:31:00
153,Widget 153,Description 153,75.49,2020-01-01 02:32:00,2020-01-01 11:32:00
154,Widget 154,Description 154,58.06,2020-01-01 02:33:00,2020-01-01 09:33:00
155,Widget 155,Description 155,43.15,2020-01-01 02:34:00,2020-01-01 03:34:00
156,Widget 156,Description 156,44.48,2020-01-01 02:35:00,2020-01-01 21:35:00
157,Widget 157,Description 157,61.03,2020-01-01 02:36:00,2020-01-01 15:36:00
158,Widget 158,Description 158,76.68,2020-01-01 02:37:00,2020-01-01 23:37:00
159,Widget 159,Description 159,59.9,2020-01-01 02:38:00,2020-01-01 05:38:00
160,Widget 160,Description 160,84.78,2020-01-01 02:39:00,2020-01-02 00:39:00
161,Widget 161,Description 161,23.4,2020-01-01 02:40:00,2020-01-01 13:40:00
162,Widget 162,Description 162,51.17,2020-01-01 02:41:00,2020-01-01 05:41:00
163,Widget 163,Description 163,82.16,2020-01-01 02:42:00,2020-01-02 01:42:00
164,Widget 164,Description 164,1.62,2020-01-01 02:43:00,2020-01-01 13:43:00
165,Widget 165,Description 165,27.65,2020-01-01 02:44:00,2020-01-01 16:44:00
166,Widget 166,Description 166,62.2,2020-01-01 02:45:00,2020-01-01 22:45:00
167,Widget 167,Description 167,8.54,2020-01-01 02:46:00,2020-01-01 03:46:00
168,Widget 168,Description 168,43.02,2020-01-01 02:47:00,2020-01-01 18:47:00
169,Widget 169,Description 169,18.87,2020-01-01 02:48:00,2020-01-01 16:48:00
170,Widget 170,Description 170,45.72,2020-01-01 02:49:00,2020-01-01 03:49:00
171,Widget 171,Description 171,46.29,2020-01-01 02:50:00,2020-01-01 02:50:00
172,Widget 172,Description 172,71.55,2020-01-01 02:51:00,2020-01-01 16:51:00
173,Widget 173,Description 173,68.11,2020-01-01 02:52:00,2020-01-01 11:52:00
174,Widget 174,Description 174,63.73,2020-01-01 02:53:00,2020-01-01 21:53:00
175,Widget 175,Description 175,20.17,2020-01-01 02:54:00,2020-01-01 18:54:00
176,Widget 176,Description 176,9.9,2020-01-01 02:55:00,2020-01-01 20:55:00
177,Widget 177,Description 177,35.58,2020-01-01 02:56:00,2020-01-01 03:56:00
178,Widget 178,Description 178,73.84,2020-01-01 02:57:00,2020-01-01 08:57:00
179,Widget 179,Description 179,49.99,2020-01-01 02:58:00,2020-01-01 18:58:00
180,Widget 180,Description 180,65.56,2020-01-01 02:59:00,2020-01-01 04:59:00
181,Widget 181,Description 181,4.69,2020-01-01 03:00:00,2020-01-01 10:00:00
182,Widget 182,Description 182,95.77,2020-01-01 03:01:00,2020-01-01 10:01:00
183,Widget 183,Description 183,81.27,2020-01-01 03:02:00,2020-01-01 03:02:00
184,Widget 184,Description 184,10.28,2020-01-01 03:03:00,2020-01-01 08:03:00
185,Widget 185,Description 185,86.27,2020-01-01 03:04:00,2020-01-01 21:04:00
186,Widget 186,Description 186,63.3,2020-01-01 03:05:00,2020-01-01 07:05:00
187,Widget 187,Description 187,97.24,2020-01-01 03:06:00,2020-01-02 00:06:00
188,Widget 188,Description 188,87.86,2020-01-01 03:07:00,2020-01-01 10:07:00
189,Widget 189,Description 189,58.93,2020-01-01 03:08:00,2020-01-01 09:08:00
190,Widget 190,Description 190,31.91,2020-01-01 03:09:00,2020-01-01 17:09:00
191,Widget 191,Description 191,2.64,2020-01-01 03:10:00,2020-01-01 22:10:00
192,Widget 192,Description 192,95.78,2020-01-01 03:11:00,2020-01-02 02:11:00
193,Widget 193,Description 193,58.19,2020-01-01 03:12:00,2020-01-02 01:12:00
194,Widget 194,Description 194,25.07,2020-01-01 03:13:00,2020-01-01 06:13:00
195,Widget 195,Description 195,23.96,2020-01-01 03:14:00,2020-01-01 18:14:00
196,Widget 196,Description 196,89.74,2020-01-01 03:15:00,2020-01-01 20:15:00
197,Widget 197,Description 197,9.64,2020-01-01 03:16:00,2020-01-01 13:16:00
198,Widget 198,Description 198,61.76,2020-01-01 03:17:00,2020-01-01 03:17:00
199,Widget 199,Description 199,46.67,2020-01-01 03:18:00,2020-01-01 14:18:00
200,Widget 200,Description 200,99.57,2020-01-01 03:19:00,2020-01-01 12:19:00
201,Widget 201,Description 201,5.29,2020-01-01 03:20:00,2020-01-02 00:20:00
202,Widget 202,Description 202,78.29,2020-01-01 03:21:00,2020-01-01 16:21:00
203,Widget 203,Description 203,78.54,2020-01-01 03:22:00,2020-01-01 09:22:00
204,Widget 204,Description 204,4.17,2020-01-01 03:23:00,2020-01-01 06:23:00
205,Widget 205,Description 205,65.34,2020-01-01 03:24:00,2020-01-01 13:24:00
206,Widget 206,Description 206,42.0,2020-01-01 03:25:00,2020-01-02 02:25:00
207,Widget 207,Description 207,74.17,2020-01-01 03:26:00,2020-01-01 08:26:00
208,Widget 208,Description 208,69.54,2020-01-01 03:27:00,2020-01-01 13:27:00
209,Widget 209,Description 209,51.0,2020-01-01 03:28:00,2020-01-01 23:28:00
210,Widget 210,Description 210,99.29,2020-01-01 03:29:00,2020-01-01 12:29:00
211,Widget 211,Description 211,62.83,2020-01-01 03:30:00,2020-01-01 04:30:00
212,Widget 212,Description 212,32.25,2020-01-01 03:31:00,2020-01-01 17:31:00
213,Widget 213,Description 213,69.4,2020-01-01 03:32:00,2020-01-01 09:32:00
214,Widget 214,Description 214,24.42,2020-01-01 03:33:00,2020-01-01 09:33:00
215,Widget 215,Description 215,3.78,2020-01-01 03:34:00,2020-01-01 18:34:00
216,Widget 216,Description 216,51.65,2020-01-01 03:35:00,2020-01-01 10:35:00
217,Widget 217,Description 217,23.35,2020-01-01 03:36:00,2020-01-01 11:36:00
218,Widget 218,Description 218,60.28,2020-01-01 03:37:00,2020-01-01 03:37:00
219,Widget 219,Description 219,26.88,2020-01-01 03:38:00,2020-01-01 03:38:00
220,Widget 220,Description 220,55.08,2020-01-01 03:39:00,2020-01-01 16:39:00
221,Widget 221,Description 221,35.81,2020-01-01 03:40:00,2020-01-01 15:40:00
222,Widget 222,Description 222,75.16,2020-01-01 03:41:00,2020-01-01 04:41:00
223,Widget 223,Description 223,40.94,2020-01-01 03:42:00,2020-01-01 05:42:00
224,Widget 224,Description 224,68.26,2020-01-01 03:43:00,2020-01-01 17:43:00
225,Widget 225,Description 225,94.35,2020-01-01 03:44:00,2020-01-02 01:44:00
226,Widget 226,Description 226,9.01,2020-01-01 03:45:00,2020-01-01 20:45:00
227,Widget 227,Description 227,63.24,2020-01-01 03:46:00,2020-01-01 17:46:00
228,Widget 228,Description 228,29.01,2020-01-01 03:47:00,2020-01-01 15:47:00
229,Widget 229,Description 229,7.22,2020-01-01 03:48:00,2020-01-02 00:48:00
230,Widget 230,Description 230,98.22,2020-01-01 03:49:00,2020-01-01 12:49:00
231,Widget 231,Description 231,87.74,2020-01-01 03:50:00,2020-01-01 16:50:00
232,Widget 232,Description 232,19.61,2020-01-01 03:51:00,2020-01-01 20:51:00
233,Widget 233,Description 233,2.06,2020-01-01 03:52:00,2020-01-02 02:52:00
234,Widget 234,Description 234,95.55,2020-01-01 03:53:00,2020-01-01 14:53:00
235,Widget 235,Description 235,46.3,2020-01-01 03:54:00,2020-01-01 21:54:00
236,Widget 236,Description 236,5.35,2020-01-01 03:55:00,2020-01-01 11:55:00
237,Widget 237,Description 237,35.38,2020-01-01 03:56:00,2020-01-01 17:56:00
238,Widget 238,Description 238,43.28,2020-01-01 03:57:00,2020-01-01 06:57:00
239,Widget 239,Description 239,28.72,2020-01-01 03:58:00,2020-01-01 05:58:00
240,Widget 240,Description 240,93.5,2020-01-01 03:59:00,2020-01-01 21:59:00
241,Widget 241,Description 241,54.43,2020-01-01 04:00:00,2020-01-01 19:00:00
242,Widget 242,Description 242,90.66,2020-01-01 04:01:00,2020-01-01 14:01:00
243,Widget 243,Description 243,85.84,2020-01-01 04:02:00,2020-01-02 02:02:00
244,Widget 244,Description 244,7.99,2020-01-01 04:03:00,2020-01-01 07:03:00
245,Widget 245,Description 245,75.96,2020-01-01 04:04:00,2020-01-01 21:04:00
246,Widget 246,Description 246,12.43,2020-01-01 04:05:00,2020-01-01 05:05:00
247,Widget 247,Description 247,30.09,2020-01-01 04:06:00,2020-01-01 21:06:00
248,Widget 248,Description 248,28.43,2020-01-01 04:07:00,2020-01-01 17:07:00
249,Widget 249,Description 249,26.06,2020-01-01 04:08:00,2020-01-02 03:08:00
250,Widget 250,Description 250,94.76,2020-01-01 04:09:00,2020-01-01 14:09:00
251,Widget 251,Description 251,8.88,2020-01-01 04:10:00,2020-01-02 02:10:00
252,Widget 252,Description 252,48.85,2020-01-01 04:11:00,2020-01-01 10:11:00
253,Widget 253,Description 253,50.88,2020-01-01 04:12:00,2020-01-02 01:12:00
254,Widget 254,Description 254,46.48,2020-01-01 04:13:00,2020-01-01 19:13:00
255,Widget 255,Description 255,43.01,2020-01-01 04:14:00,2020-01-01 17:14:00
256,Widget 256,Description 256,66.05,2020-01-01 04:15:00,2020-01-01 05:15:00
257,Widget 257,Description 257,48.53,2020-01-01 04:16:00,2020-01-01 14:16:00
258,Widget 258,Description 258,43.2,2020-01-01 04:17:00,2020-01-01 16:17:00
259,Widget 259,Description 259,11.08,2020-01-01 04:18:00,2020-01-02 00:18:00
260,Widget 260,Description 260,57.2,2020-01-01 04:19:00,2020-01-01 10:19:00
261,Widget 261,Description 261,93.15,2020-01-01 04:20:00,2020-01-01 20:20:00
262,Widget 262,Description 262,6.95,2020-01-01 04:21:00,2020-01-01 05:21:00
263,Widget 263,Description 263,99.73,2020-01-01 04:22:00,2020-01-01 13:22:00
264,Widget 264,Description 264,9.5,2020-01-01 04:23:00,2020-01-01 12:23:00
265,Widget 265,Description 265,73.32,2020-01-01 04:24:00,2020-01-01 11:24:00
266,Widget 266,Description 266,96.9,2020-01-01 04:25:00,2020-01-01 07:25:00
267,Widget 267,Description 267,9.62,2020-01-01 04:26:00,2020-01-01 09:26:00
268,Widget 268,Description 268,34.58,2020-01-01 04:27:00,2020-01-01 14:27:00
269,Widget 269,Description 269,28.23,2020-01-01 04:28:00,2020-01-01 20:28:00
270,Widget 270,Description 270,67.5,2020-01-01 04:29:00,2020-01-02 03:29:00
271,Widget 271,Description 271,80.04,2020-01-01 04:30:00,2020-01-01 08:30:00
272,Widget 272,Description 272,41.29,2020-01-01 04:31:00,2020-01-01 23:31:00
273,Widget 273,Description 273,11.75,2020-01-01 04:32:00,2020-01-01 10:32:00
274,Widget 274,Description 274,62.9,2020-01-01 04:33:00,2020-01-02 01:33:00
275,Widget 275,Description 275,44.21,2020-01-01 04:34:00,2020-01-01 11:34:00
276,Widget 276,Description 276,29.37,2020-01-01 04:35:00,2020-01-01 10:35:00
277,Widget 277,Description 277,43.16,2020-01-01 04:36:00,2020-01-01 12:36:00
278,Widget 278,Description 278,90.9,2020-01-01 04:37:00,2020-01-01 14:37:00
279,Widget 279,Description 279,39.75,2020-01-01 04:38:00,2020-01-01 16:38:00
280,Widget 280,Description 280,73.71,2020-01-01 04:39:00,2020-01-01 20:39:00
281,Widget 281,Description 281,86.9,2020-01-01 04:40:00,2020-01-01 16:40:00
282,Widget 282,Description 282,93.43,2020-01-01 04:41:00,2020-01-01 07:41:00
283,Widget 283,Description 283,79.89,2020-01-01 04:42:00,2020-01-01 21:42:00
284,Widget 284,Description 284,11.24,2020-01-01 04:43:00,2020-01-01 09:43:00
285,Widget 285,Description 285,74.53,2020-01-01 04:44:00,2020-01-01 07:44:00
286,Widget 286,Description 286,52.29,2020-01-01 04:45:00,2020-01-01 04:45:00
287,Widget 287,Description 287,64.84,2020-01-01 04:46:00,2020-01-02 02:46:00
288,Widget 288,Description 288,61.36,2020-01-01 04:47:00,2020-01-01 16:47:00
289,Widget 289,Description 289,28.58,2020-01-01 04:48:00,2020-01-01 13:48:00
290,Widget 290,Description 290,84.54,2020-01-01 04:49:00,2020-01-01 13:49:00
291,Widget 291,Description 291,98.17,2020-01-01 04:50:00,2020-01-01 15:50:00
292,Widget 292,Description 292,56.32,2020-01-01 04:51:00,2020-01-02 01:51:00
293,Widget 293,Description 293,36.07,2020-01-01 04:52:00,2020-01-01 16:52:00
294,Widget 294,Description 294,86.45,2020-01-01 04:53:00,2020-01-01 14:53:00
295,Widget 295,Description 295,10.52,2020-01-01 04:54:00,2020-01-01 13:54:00
296,Widget 296,Description 296,87.16,2020-01-01 04:55:00,2020-01-01 08:55:00
297,Widget 297,Description 297,74.66,2020-01-01 04:56:00,2020-01-01 06:56:00
298,Widget 298,Description 298,94.97,2020-01-01 04:57:00,2020-01-01 08:57:00
299,Widget 299,Description 299,40.81,2020-01-01 04:58:00,2020-01-01 12:58:00
300,Widget 300,Description 300,17.84,2020-01-01 04:59:00,2020-01-01 15:59:00
301,Widget 301,Description 301,76.41,2020-01-01 05:00:00,2020-01-02 00:00:00
302,Widget 302,Description 302,52.66,2020-01-01 05:01:00,2020-01-02 00:01:00
303,Widget 303,Description 303,20.38,2020-01-01 05:02:00,2020-01-01 18:02:00
304,Widget 304,Description 304,41.76,2020-01-01 05:03:00,2020-01-01 05:03:00
305,Widget 305,Description 305,49.21,2020-01-01 05:04:00,2020-01-01 22:04:00
306,Widget 306,Description 306,25.0,2020-01-01 05:05:00,2020-01-02 04:05:00
307,Widget 307,Description 307,77.94,2020-01-01 05:06:00,2020-01-02 03:06:00
308,Widget 308,Description 308,26.45,2020-01-01 05:07:00,2020-01-01 08:07:00
309,Widget 309,Description 309,33.56,2020-01-01 05:08:00,2020-01-01 17:08:00
310,Widget 310,Description 310,91.43,2020-01-01 05:09:00,2020-01-01 19:09:00
311,Widget 311,Description 311,76.36,2020-01-01 05:10:00,2020-01-01 19:10:00
312,Widget 312,Description 312,59.12,2020-01-01 05:11:00,2020-01-02 03:11:00
313,Widget 313,Description 313,62.32,2020-01-01 05:12:00,2020-01-01 20:12:00
314,Widget 314,Description 314,6.95,2020-01-01 05:13:00,2020-01-02 01:13:00
315,Widget 315,Description 315,78.71,2020-01-01 05:14:00,2020-01-02 02:14:00
316,Widget 316,Description 316,58.66,2020-01-01 05:15:00,2020-01-01 18:15:00
317,Widget 317,Description 317,38.14,2020-01-01 05:16:00,2020-01-01 13:16:00
318,Widget 318,Description 318,31.22,2020-01-01 05:17:00,2020-01-01 09:17:00
319,Widget 319,Description 319,17.36,2020-01-01 05:18:00,2020-01-01 17:18:00
320,Widget 320,Description 320,90.07,2020-01-01 05:19:00,2020-01-01 09:19:00
321,Widget 321,Description 321,79.32,2020-01-01 05:20:00,2020-01-02 04:20:00
322,Widget 322,Description 322,95.6,2020-01-01 05:21:00,2020-01-01 19:21:00
323,Widget 323,Description 323,19.85,2020-01-01 05:22:00,2020-01-02 02:22:00
324,Widget 324,Description 324,5.34,2020-01-01 05:23:00,2020-01-01 09:23:00
325,Widget 325,Description 325,53.67,2020-01-01 05:24:00,2020-01-01 12:24:00
326,Widget 326,Description 326,89.02,2020-01-01 05:25:00,2020-01-01 18:25:00
327,Widget 327,Description 327,74.18,2020-01-01 05:26:00,2020-01-01 19:26:00
328,Widget 328,Description 328,55.26,2020-01-01 05:27:00,2020-01-01 09:27:00
329,Widget 329,Description 329,90.81,2020-01-01 05:28:00,2020-01-01 11:28:00
330,Widget 330,Description 330,2.61,2020-01-01 05:29:00,2020-01-01 17:29:00
331,Widget 331,Description 331,55.86,2020-01-01 05:30:00,2020-01-01 06:30:00
332,Widget 332,Description 332,47.94,2020-01-01 05:31:00,2020-01-01 20:31:00
333,Widget 333,Description 333,16.42,2020-01-01 05:32:00,2020-01-01 10:32:00
334,Widget 334,Description 334,75.53,2020-01-01 05:33:00,2020-01-01 09:33:00
335,Widget 335,Description 335,87.84,2020-01-01 05:34:00,2020-01-01 15:34:00
336,Widget 336,Description 336,30.56,2020-01-01 05:35:00,2020-01-01 18:35:00
337,Widget 337,Description 337,30.5,2020-01-01 05:36:00,2020-01-01 10:36:00
338,Widget 338,Description 338,11.16,2020-01-01 05:37:00,2020-01-01 13:37:00
339,Widget 339,Description 339,24.83,2020-01-01 05:38:00,2020-01-01 11:38:00
340,Widget 340,Description 340,69.94,2020-01-01 05:39:00,2020-01-02 01:39:00
341,Widget 341,Description 341,84.06,2020-01-01 05:40:00,2020-01-02 01:40:00
342,Widget 342,Description 342,94.58,2020-01-01 05:41:00,2020-01-01 11:41:00
343,Widget 343,Description 343,22.11,2020-01-01 05:42:00,2020-01-01 08:42:00
344,Widget 344,Description 344,24.15,2020-01-01 05:43:00,2020-01-01 07:43:00
345,Widget 345,Description 345,25.32,2020-01-01 05:44:00,2020-01-02 02:44:00
346,Widget 346,Description 346,73.32,2020-01-01 05:45:00,2020-01-01 10:45:00
347,Widget 347,Description 347,15.81,2020-01-01 05:46:00,2020-01-01 18:46:00
348,Widget 348,Description 348,18.71,2020-01-01 05:47:00,2020-01-01 14:47:00
349,Widget 349,Description 349,56.8,2020-01-01 05:48:00,2020-01-01 22:48:00
350,Widget 350,Description 350,64.74,2020-01-01 05:49:00,2020-01-02 04:49:00
351,Widget 351,Description 351,49.08,2020-01-01 05:50:00,2020-01-01 20:50:00
352,Widget 352,Description 352,79.03,2020-01-01 05:51:00,2020-01-01 12:51:00
353,Widget 353,Description 353,18.73,2020-01-01 05:52:00,2020-01-01 06:52:00
354,Widget 354,Description 354,27.8,2020-01-01 05:53:00,2020-01-01 06:53:00
355,Widget 355,Description 355,92.48,2020-01-01 05:54:00,2020-01-01 07:54:00
356,Widget 356,Description 356,58.3,2020-01-01 05:55:00,2020-01-01 20:55:00
357,Widget 357,Description 357,41.91,2020-01-01 05:56:00,2020-01-02 01:56:00
358,Widget 358,Description 358,35.13,2020-01-01 05:57:00,2020-01-01 14:57:00
359,Widget 359,Description 359,28.57,2020-01-01 05:58:00,2020-01-01 11:58:00
360,Widget 360,Description 360,8.62,2020-01-01 05:59:00,2020-01-01 14:59:00
361,Widget 361,Description 361,96.64,2020-01-01 06:00:00,2020-01-01 06:00:00
362,Widget 362,Description 362,70.65,2020-01-01 06:01:00,2020-01-02 04:01:00
363,Widget 363,Description 363,18.48,2020-01-01 06:02:00,2020-01-01 09:02:00
364,Widget 364,Description 364,27.65,2020-01-01 06:03:00,2020-01-02 05:03:00
365,Widget 365,Description 365,61.88,2020-01-01 06:04:00,2020-01-01 22:04:00
366,Widget 366,Description 366,6.82,2020-01-01 06:05:00,2020-01-02 02:05:00
367,Widget 367,Description 367,60.74,2020-01-01 06:06:00,2020-01-02 04:06:00
368,Widget 368,Description 368,73.82,2020-01-01 06:07:00,2020-01-01 21:07:00
369,Widget 369,Description 369,95.07,2020-01-01 06:08:00,2020-01-01 09:08:00
370,Widget 370,Description 370,57.14,2020-01-01 06:09:00,2020-01-01 19:09:00
371,Widget 371,Description 371,78.14,2020-01-01 06:10:00,2020-01-01 07:10:00
372,Widget 372,Description 372,78.22,2020-01-01 06:11:00,2020-01-02 03:11:00
373,Widget 373,Description 373,89.84,2020-01-01 06:12:00,2020-01-02 00:12:00
374,Widget 374,Description 374,88.8,2020-01-01 06:13:00,2020-01-01 07:13:00
375,Widget 375,Description 375,11.02,2020-01-01 06:14:00,2020-01-02 03:14:00
376,Widget 376,Description 376,48.22,2020-01-01 06:15:00,2020-01-01 14:15:00
377,Widget 377,Description 377,48.42,2020-01-01 06:16:00,2020-01-01 12:16:00
378,Widget 378,Description 378,15.44,2020-01-01 06:17:00,2020-01-01 09:17:00
379,Widget 379,Description 379,4.46,2020-01-01 06:18:00,2020-01-01 06:18:00
380,Widget 380,Description 380,41.52,2020-01-01 06:19:00,2020-01-01 20:19:00
381,Widget 381,Description 381,72.08,2020-01-01 06:20:00,2020-01-01 18:20:00
382,Widget 382,Description 382,30.03,2020-01-01 06:21:00,2020-01-01 06:21:00
383,Widget 383,Description 383,47.01,2020-01-01 06:22:00,2020-01-01 17:22:00
384,Widget 384,Description 384,24.39,2020-01-01 06:23:00,2020-01-01 14:23:00
385,Widget 385,Description 385,61.89,2020-01-01 06:24:00,2020-01-01 20:24:00
386,Widget 386,Description 386,15.3,2020-01-01 06:25:00,2020-01-01 06:25:00
387,Widget 387,Description 387,57.75,2020-01-01 06:26:00,2020-01-01 21:26:00
388,Widget 388,Description 388,4.27,2020-01-01 06:27:00,2020-01-01 19:27:00
389,Widget 389,Description 389,19.87,2020-01-01 06:28:00,2020-01-01 18:28:00
390,Widget 390,Description 390,47.21,2020-01-01 06:29:00,2020-01-02 05:29:00
391,Widget 391,Description 391,81.55,2020-01-01 06:30:00,2020-01-01 10:30:00
392,Widget 392,Description 392,14.79,2020-01-01 06:31:00,2020-01-01 20:31:00
393,Widget 393,Description 393,21.3,2020-01-01 06:32:00,2020-01-01 09:32:00
394,Widget 394,Description 394,20.41,2020-01-01 06:33:00,2020-01-01 12:33:00
395,Widget 395,Description 395,87.71,2020-01-01 06:34:00,2020-01-01 09:34:00
396,Widget 396,Description 396,17.36,2020-01-01 06:35:00,2020-01-01 12:35:00
397,Widget 397,Description 397,34.0,2020-01-01 06:36:00,2020-01-01 17:36:00
398,Widget 398,Description 398,34.72,2020-01-01 06:37:00,2020-01-02 03:37:00
399,Widget 399,Description 399,17.43,2020-01-01 06:38:00,2020-01-01 06:38:00
400,Widget 400,Description 400,83.07,2020-01-01 06:39:00,2020-01-02 01:39:00
401,Widget 401,Description 401,26.44,2020-01-01 06:40:00,2020-01-01 18:40:00
402,Widget 402,Description 402,69.68,2020-01-01 06:41:00,2020-01-01 07:41:00
403,Widget 403,Description 403,36.94,2020-01-01 06:42:00,2020-01-01 16:42:00
404,Widget 404,Description 404,18.15,2020-01-01 06:43:00,2020-01-02 00:43:00
405,Widget 405,Description 405,1.52,2020-01-01 06:44:00,2020-01-01 22:44:00
406,Widget 406,Description 406,31.68,2020-01-01 06:45:00,2020-01-02 05:45:00
407,Widget 407,Description 407,9.9,2020-01-01 06:46:00,2020-01-01 17:46:00
408,Widget 408,Description 408,64.04,2020-01-01 06:47:00,2020-01-01 11:47:00
409,Widget 409,Description 409,65.62,2020-01-01 06:48:00,2020-01-01 14:48:00
410,Widget 410,Description 410,65.66,2020-01-01 06:49:00,2020-01-01 11:49:00
411,Widget 411,Description 411,6.67,2020-01-01 06:50:00,2020-01-02 04:50:00
412,Widget 412,Description 412,78.36,2020-01-01 06:51:00,2020-01-01 08:51:00
413,Widget 413,Description 413,82.43,2020-01-01 06:52:00,2020-01-02 03:52:00
414,Widget 414,Description 414,3.04,2020-01-01 06:53:00,2020-01-02 00:53:00
415,Widget 415,Description 415,4.41,2020-01-01 06:54:00,2020-01-01 17:54:00
416,Widget 416,Description 416,89.84,2020-01-01 06:55:00,2020-01-02 00:55:00
417,Widget 417,Description 417,37.3,2020-01-01 06:56:00,2020-01-01 15:56:00
418,Widget 418,Description 418,93.34,2020-01-01 06:57:00,2020-01-01 18:57:00
419,Widget 419,Description 419,13.09,2020-01-01 06:58:00,2020-01-01 22:58:00
420,Widget 420,Description 420,72.93,2020-01-01 06:59:00,2020-01-01 06:59:00
421,Widget 421,Description 421,72.37,2020-01-01 07:00:00,2020-01-01 11:00:00
422,Widget 422,Description 422,27.65,2020-01-01 07:01:00,2020-01-01 18:01:00
423,Widget 423,Description 423,71.02,2020-01-01 07:02:00,2020-01-01 15:02:00
424,Widget 424,Description 424,62.85,2020-01-01 07:03:00,2020-01-02 00:03:00
425,Widget 425,Description 425,92.46,2020-01-01 07:04:00,2020-01-01 19:04:00
426,Widget 426,Description 426,45.08,2020-01-01 07:05:00,2020-01-01 15:05:00
427,Widget 427,Description 427,37.93,2020-01-01 07:06:00,2020-01-01 07:06:00
428,Widget 428,Description 428,43.4,2020-01-01 07:07:00,2020-01-01 11:07:00
429,Widget 429,Description 429,10.39,2020-01-01 07:08:00,2020-01-01 20:08:00
430,Widget 430,Description 430,87.07,2020-01-01 07:09:00,2020-01-01 15:09:00
431,Widget 431,Description 431,13.72,2020-01-01 07:10:00,2020-01-01 08:10:00
432,Widget 432,Description 432,57.75,2020-01-01 07:11:00,2020-01-01 10:11:00
433,Widget 433,Description 433,53.86,2020-01-01 07:12:00,2020-01-01 21:12:00
434,Widget 434,Description 434,18.56,2020-01-01 07:13:00,2020-01-02 04:13:00
435,Widget 435,Description 435,15.57,2020-01-01 07:14:00,2020-01-01 23:14:00
436,Widget 436,Description 436,62.96,2020-01-01 07:15:00,2020-01-02 02:15:00
437,Widget 437,Description 437,83.11,2020-01-01 07:16:00,2020-01-02 06:16:00
438,Widget 438,Description 438,20.37,2020-01-01 07:17:00,2020-01-01 09:17:00
439,Widget 439,Description 439,12.63,2020-01-01 07:18:00,2020-01-01 14:18:00
440,Widget 440,Description 440,32.65,2020-01-01 07:19:00,2020-01-02 04:19:00
441,Widget 441,Description 441,92.99,2020-01-01 07:20:00,2020-01-01 19:20:00
442,Widget 442,Description 442,13.41,2020-01-01 07:21:00,2020-01-01 14:21:00
443,Widget 443,Description 443,46.44,2020-01-01 07:22:00,2020-01-02 03:22:00
444,Widget 444,Description 444,66.47,2020-01-01 07:23:00,2020-01-01 13:23:00
445,Widget 445,Description 445,91.96,2020-01-01 07:24:00,2020-01-02 06:24:00
446,Widget 446,Description 446,33.67,2020-01-01 07:25:00,2020-01-01 11:25:00
447,Widget 447,Description 447,13.17,2020-01-01 07:26:00,2020-01-01 13:26:00
448,Widget 448,Description 448,99.64,2020-01-01 07:27:00,2020-01-01 12:27:00
449,Widget 449,Description 449,14.49,2020-01-01 07:28:00,2020-01-01 21:28:00
450,Widget 450,Description 450,27.74,2020-01-01 07:29:00,2020-01-01 08:29:00
451,Widget 451,Description 451,72.38,2020-01-01 07:30:00,2020-01-01 07:30:00
452,Widget 452,Description 452,18.37,2020-01-01 07:31:00,2020-01-02 06:31:00
453,Widget 453,Description 453,47.03,2020-01-01 07:32:00,2020-01-02 06:32:00
454,Widget 454,Description 454,76.08,2020-01-01 07:33:00,2020-01-02 01:33:00
455,Widget 455,Description 455,8.77,2020-01-01 07:34:00,2020-01-01 21:34:00
456,Widget 456,Description 456,14.96,2020-01-01 07:35:00,2020-01-01 07:35:00
457,Widget 457,Description 457,78.38,2020-01-01 07:36:00,2020-01-02 03:36:00
458,Widget 458,Description 458,31.17,2020-01-01 07:37:00,2020-01-01 12:37:00
459,Widget 459,Description 459,96.55,2020-01-01 07:38:00,2020-01-01 11:38:00
460,Widget 460,Description 460,27.16,2020-01-01 07:39:00,2020-01-01 07:39:00
461,Widget 461,Description 461,2.3,2020-01-01 07:40:00,2020-01-01 13:40:00
462,Widget 462,Description 462,7.02,2020-01-01 07:41:00,2020-01-01 13:41:00
463,Widget 463,Description 463,49.68,2020-01-01 07:42:00,2020-01-02 02:42:00
464,Widget 464,Description 464,49.56,2020-01-01 07:43:00,2020-01-01 23:43:00
465,Widget 465,Description 465,69.18,2020-01-01 07:44:00,2020-01-01 16:44:00
466,Widget 466,Description 466,38.58,2020-01-01 07:45:00,2020-01-01 09:45:00
467,Widget 467,Description 467,52.85,2020-01-01 07:46:00,2020-01-01 16:46:00
468,Widget 468,Description 468,61.16,2020-01-01 07:47:00,2020-01-01 22:47:00
469,Widget 469,Description 469,56.11,2020-01-01 07:48:00,2020-01-01 14:48:00
470,Widget 470,Description 470,30.41,2020-01-01 07:49:00,2020-01-01 22:49:00
471,Widget 471,Description 471,26.63,2020-01-01 07:50:00,2020-01-01 23:50:00
472,Widget 472,Description 472,19.55,2020-01-01 07:51:00,2020-01-01 20:51:00
473,Widget 473,Description 473,13.16,2020-01-01 07:52:00,2020-01-01 13:52:00
474,Widget 474,Description 474,19.85,2020-01-01 07:53:00,2020-01-01 11:53:00
475,Widget 475,Description 475,79.69,2020-01-01 07:54:00,2020-01-02 02:54:00
476,Widget 476,Description 476,82.34,2020-01-01 07:55:00,2020-01-02 04:55:00
477,Widget 477,Description 477,94.78,2020-01-01 07:56:00,2020-01-01 13:56:00
478,Widget 478,Description 478,5.81,2020-01-01 07:57:00,2020-01-01 15:57:00
479,Widget 479,Description 479,54.02,2020-01-01 07:58:00,2020-01-02 04:58:00
480,Widget 480,Description 480,26.16,2020-01-01 07:59:00,2020-01-01 23:59:00
481,Widget 481,Description 481,3.57,2020-01-01 08:00:00,2020-01-01 10:00:00
482,Widget 482,Description 482,53.51,2020-01-01 08:01:00,2020-01-02 00:01:00
483,Widget 483,Description 483,88.44,2020-01-01 08:02:00,2020-01-01 09:02:00
484,Widget 484,Description 484,34.46,2020-01-01 08:03:00,2020-01-01 17:03:00
485,Widget 485,Description 485,1.59,2020-01-01 08:04:00,2020-01-01 13:04:00
486,Widget 486,Description 486,25.46,2020-01-01 08:05:00,2020-01-02 01:05:00
487,Widget 487,Description 487,59.64,2020-01-01 08:06:00,2020-01-01 22:06:00
488,Widget 488,Description 488,66.09,2020-01-01 08:07:00,2020-01-02 07:07:00
489,Widget 489,Description 489,37.22,2020-01-01 08:08:00,2020-01-01 23:08:00
490,Widget 490,Description 490,6.07,2020-01-01 08:09:00,2020-01-01 20:09:00
491,Widget 491,Description 491,74.78,2020-01-01 08:10:00,2020-01-02 06:10:00
492,Widget 492,Description 492,58.64,2020-01-01 08:11:00,2020-01-02 02:11:00
493,Widget 493,Description 493,37.81,2020-01-01 08:12:00,2020-01-01 21:12:00
494,Widget 494,Description 494,73.83,2020-01-01 08:13:00,2020-01-02 02:13:00
495,Widget 495,Description 495,58.49,2020-01-01 08:14:00,2020-01-02 04:14:00
496,Widget 496,Description 496,36.4,2020-01-01 08:15:00,2020-01-01 16:15:00
497,Widget 497,Description 497,42.35,2020-01-01 08:16:00,2020-01-01 15:16:00
498,Widget 498,Description 498,86.15,2020-01-01 08:17:00,2020-01-02 04:17:00
499,Widget 499,Description 499,46.01,2020-01-01 08:18:00,2020-01-02 03:18:00
500,Widget 500,Description 500,61.46,2020-01-01 08:19:00,2020-01-01 19:19:00
501,Widget 501,Description 501,85.45,2020-01-01 08:20:00,2020-01-01 21:20:00
502,Widget 502,Description 502,55.17,2020-01-01 08:21:00,2020-01-01 17:21:00
503,Widget 503,Description 503,28.69,2020-01-01 08:22:00,2020-01-01 16:22:00
504,Widget 504,Description 504,49.88,2020-01-01 08:23:00,2020-01-01 22:23:00
505,Widget 505,Description 505,49.72,2020-01-01 08:24:00,2020-01-01 10:24:00
506,Widget 506,Description 506,19.39,2020-01-01 08:25:00,2020-01-02 05:25:00
507,Widget 507,Description 507,76.53,2020-01-01 08:26:00,2020-01-02 02:26:00
508,Widget 508,Description 508,60.91,2020-01-01 08:27:00,2020-01-01 21:27:00
509,Widget 509,Description 509,26.39,2020-01-01 08:28:00,2020-01-02 02:28:00
510,Widget 510,Description 510,42.55,2020-01-01 08:29:00,2020-01-01 17:29:00
511,Widget 511,Description 511,4.92,2020-01-01 08:30:00,2020-01-01 09:30:00
512,Widget 512,Description 512,71.53,2020-01-01 08:31:00,2020-01-01 11:31:00
513,Widget 513,Description 513,53.19,2020-01-01 08:32:00,2020-01-02 05:32:00
514,Widget 514,Description 514,25.41,2020-01-01 08:33:00,2020-01-02 03:33:00
515,Widget 515,Description 515,56.65,2020-01-01 08:34:00,2020-01-01 10:34:00
516,Widget 516,Description 516,14.24,2020-01-01 08:35:00,2020-01-02 03:35:00
517,Widget 517,Description 517,81.14,2020-01-01 08:36:00,2020-01-01 16:36:00
518,Widget 518,Description 518,73.01,2020-01-01 08:37:00,2020-01-01 21:37:00
519,Widget 519,Description 519,77.03,2020-01-01 08:38:00,2020-01-02 05:38:00
520,Widget 520,Description 520,25.78,2020-01-01 08:39:00,2020-01-01 13:39:00
521,Widget 521,Description 521,76.44,2020-01-01 08:40:00,2020-01-02 03:40:00
522,Widget 522,Description 522,60.1,2020-01-01 08:41:00,2020-01-01 19:41:00
523,Widget 523,Description 523,28.01,2020-01-01 08:42:00,2020-01-01 08:42:00
524,Widget 524,Description 524,7.7,2020-01-01 08:43:00,2020-01-02 06:43:00
525,Widget 525,Description 525,10.59,2020-01-01 08:44:00,2020-01-01 16:44:00
526,Widget 526,Description 526,91.68,2020-01-01 08:45:00,2020-01-02 00:45:00
527,Widget 527,Description 527,22.9,2020-01-01 08:46:00,2020-01-01 19:46:00
528,Widget 528,Description 528,51.82,2020-01-01 08:47:00,2020-01-01 16:47:00
529,Widget 529,Description 529,40.86,2020-01-01 08:48:00,2020-01-01 14:48:00
530,Widget 530,Description 530,80.73,2020-01-01 08:49:00,2020-01-01 16:49:00
531,Widget 531,Description 531,38.31,2020-01-01 08:50:00,2020-01-02 05:50:00
532,Widget 532,Description 532,22.37,2020-01-01 08:51:00,2020-01-01 11:51:00
533,Widget 533,Description 533,8.44,2020-01-01 08:52:00,2020-01-02 07:52:00
534,Widget 534,Description 534,5.75,2020-01-01 08:53:00,2020-01-02 01:53:00
535,Widget 535,Description 535,13.36,2020-01-01 08:54:00,2020-01-01 20:54:00
536,Widget 536,Description 536,99.34,2020-01-01 08:55:00,2020-01-01 09:55:00
537,Widget 537,Description 537,6.31,2020-01-01 08:56:00,2020-01-01 10:56:00
538,Widget 538,Description 538,47.5,2020-01-01 08:57:00,2020-01-01 13:57:00
539,Widget 539,Description 539,48.08,2020-01-01 08:58:00,2020-01-01 16:58:00
540,Widget 540,Description 540,17.09,2020-01-01 08:59:00,2020-01-02 00:59:00
541,Widget 541,Description 541,13.32,2020-01-01 09:00:00,2020-01-02 06:00:00
542,Widget 542,Description 542,25.0,2020-01-01 09:01:00,2020-01-02 07:01:00
543,Widget 543,Description 543,5.72,2020-01-01 09:02:00,2020-01-01 23:02:00
544,Widget 544,Description 544,77.19,2020-01-01 09:03:00,2020-01-01 09:03:00
545,Widget 545,Description 545,38.39,2020-01-01 09:04:00,2020-01-01 15:04:00
546,Widget 546,Description 546,15.18,2020-01-01 09:05:00,2020-01-01 18:05:00
547,Widget 547,Description 547,39.04,2020-01-01 09:06:00,2020-01-01 17:06:00
548,Widget 548,Description 548,17.41,2020-01-01 09:07:00,2020-01-01 20:07:00
549,Widget 549,Description 549,23.55,2020-01-01 09:08:00,2020-01-01 18:08:00
550,Widget 550,Description 550,84.52,2020-01-01 09:09:00,2020-01-02 08:09:00
551,Widget 551,Description 551,59.63,2020-01-01 09:10:00,2020-01-02 01:10:00
552,Widget 552,Description 552,84.26,2020-01-01 09:11:00,2020-01-01 16:11:00
553,Widget 553,Description 553,46.85,2020-01-01 09:12:00,2020-01-02 03:12:00
554,Widget 554,Description 554,40.07,2020-01-01 09:13:00,2020-01-01 13:13:00
555,Widget 555,Description 555,60.64,2020-01-01 09:14:00,2020-01-01 21:14:00
556,Widget 556,Description 556,36.54,2020-01-01 09:15:00,2020-01-01 20:15:00
557,Widget 557,Description 557,10.58,2020-01-01 09:16:00,2020-01-01 13:16:00
558,Widget 558,Description 558,33.08,2020-01-01 09:17:00,2020-01-02 06:17:00
559,Widget 559,Description 559,34.6,2020-01-01 09:18:00,2020-01-02 05:18:00
560,Widget 560,Description 560,47.06,2020-01-01 09:19:00,2020-01-01 16:19:00
561,Widget 561,Description 561,18.42,2020-01-01 09:20:00,2020-01-01 14:20:00
562,Widget 562,Description 562,73.36,2020-01-01 09:21:00,2020-01-01 19:21:00
563,Widget 563,Description 563,59.85,2020-01-01 09:22:00,2020-01-02 08:22:00
564,Widget 564,Description 564,91.99,2020-01-01 09:23:00,2020-01-01 13:23:00
565,Widget 565,Description 565,13.82,2020-01-01 09:24:00,2020-01-02 00:24:00
566,Widget 566,Description 566,74.41,2020-01-01 09:25:00,2020-01-01 15:25:00
567,Widget 567,Description 567,58.66,2020-01-01 09:26:00,2020-01-02 00:26:00
568,Widget 568,Description 568,98.23,2020-01-01 09:27:00,2020-01-02 04:27:00
569,Widget 569,Description 569,66.19,2020-01-01 09:28:00,2020-01-01 18:28:00
570,Widget 570,Description 570,31.79,2020-01-01 09:29:00,2020-01-01 13:29:00
571,Widget 571,Description 571,98.02,2020-01-01 09:30:00,2020-01-01 22:30:00
572,Widget 572,Description 572,97.06,2020-01-01 09:31:00,2020-01-02 05:31:00
573,Widget 573,Description 573,82.5,2020-01-01 09:32:00,2020-01-02 05:32:00
574,Widget 574,Description 574,20.57,2020-01-01 09:33:00,2020-01-01 19:33:00
575,Widget 575,Description 575,59.61,2020-01-01 09:34:00,2020-01-02 01:34:00
576,Widget 576,Description 576,83.76,2020-01-01 09:35:00,2020-01-01 15:35:00
577,Widget 577,Description 577,65.8,2020-01-01 09:36:00,2020-01-02 06:36:00
578,Widget 578,Description 578,64.27,2020-01-01 09:37:00,2020-01-01 12:37:00
579,Widget 579,Description 579,39.53,2020-01-01 09:38:00,2020-01-01 19:38:00
580,Widget 580,Description 580,97.54,2020-01-01 09:39:00,2020-01-02 04:39:00
581,Widget 581,Description 581,39.08,2020-01-01 09:40:00,2020-01-02 06:40:00
582,Widget 582,Description 582,66.92,2020-01-01 09:41:00,2020-01-01 18:41:00
583,Widget 583,Description 583,45.29,2020-01-01 09:42:00,2020-01-02 07:42:00
584,Widget 584,Description 584,75.75,2020-01-01 09:43:00,2020-01-01 11:43:00
585,Widget 585,Description 585,57.5,2020-01-01 09:44:00,2020-01-01 21:44:00
586,Widget 586,Description 586,21.06,2020-01-01 09:45:00,2020-01-02 04:45:00
587,Widget 587,Description 587,43.47,2020-01-01 09:46:00,2020-01-01 23:46:00
588,Widget 588,Description 588,83.62,2020-01-01 09:47:00,2020-01-01 14:47:00
589,Widget 589,Description 589,45.35,2020-01-01 09:48:00,2020-01-01 14:48:00
590,Widget 590,Description 590,20.38,2020-01-01 09:49:00,2020-01-01 14:49:00
591,Widget 591,Description 591,55.55,2020-01-01 09:50:00,2020-01-02 04:50:00
592,Widget 592,Description 592,27.58,2020-01-01 09:51:00,2020-01-01 22:51:00
593,Widget 593,Description 593,48.63,2020-01-01 09:52:00,2020-01-01 18:52:00
594,Widget 594,Description 594,39.72,2020-01-01 09:53:00,2020-01-01 14:53:00
595,Widget 595,Description 595,3.15,2020-01-01 09:54:00,2020-01-01 21:54:00
596,Widget 596,Description 596,14.4,2020-01-01 09:55:00,2020-01-01 20:55:00
597,Widget 597,Description 597,9.26,2020-01-01 09:56:00,2020-01-01 23:56:00
598,Widget 598,Description 598,87.83,2020-01-01 09:57:00,2020-01-01 15:57:00
599,Widget 599,Description 599,89.94,2020-01-01 09:58:00,2020-01-01 09:58:00
600,Widget 600,Description 600,71.04,2020-01-01 09:59:00,2020-01-01 16:59:00
601,Widget 601,Description 601,2.12,2020-01-01 10:00:00,2020-01-01 22:00:00
602,Widget 602,Description 602,78.13,2020-01-01 10:01:00,2020-01-02 02:01:00
603,Widget 603,Description 603,28.9,2020-01-01 10:02:00,2020-01-01 13:02:00
604,Widget 604,Description 604,77.51,2020-01-01 10:03:00,2020-01-02 07:03:00
605,Widget 605,Description 605,84.03,2020-01-01 10:04:00,2020-01-01 23:04:00
606,Widget 606,Description 606,42.62,2020-01-01 10:05:00,2020-01-01 15:05:00
607,Widget 607,Description 607,88.71,2020-01-01 10:06:00,2020-01-01 20:06:00
608,Widget 608,Description 608,81.16,2020-01-01 10:07:00,2020-01-02 05:07:00
609,Widget 609,Description 609,15.63,2020-01-01 10:08:00,2020-01-01 13:08:00
610,Widget 610,Description 610,53.5,2020-01-01 10:09:00,2020-01-01 22:09:00
611,Widget 611,Description 611,32.35,2020-01-01 10:10:00,2020-01-01 22:10:00
612,Widget 612,Description 612,54.12,2020-01-01 10:11:00,2020-01-01 10:11:00
613,Widget 613,Description 613,5.48,2020-01-01 10:12:00,2020-01-02 05:12:00
614,Widget 614,Description 614,20.38,2020-01-01 10:13:00,2020-01-02 02:13:00
615,Widget 615,Description 615,86.09,2020-01-01 10:14:00,2020-01-02 03:14:00
616,Widget 616,Description 616,13.58,2020-01-01 10:15:00,2020-01-01 11:15:00
617,Widget 617,Description 617,35.21,2020-01-01 10:16:00,2020-01-02 08:16:00
618,Widget 618,Description 618,88.11,2020-01-01 10:17:00,2020-01-01 23:17:00
619,Widget 619,Description 619,78.4,2020-01-01 10:18:00,2020-01-02 03:18:00
620,Widget 620,Description 620,67.59,2020-01-01 10:19:00,2020-01-01 19:19:00
621,Widget 621,Description 621,2.17,2020-01-01 10:20:00,2020-01-02 00:20:00
622,Widget 622,Description 622,58.55,2020-01-01 10:21:00,2020-01-02 06:21:00
623,Widget 623,Description 623,23.34,2020-01-01 10:22:00,2020-01-01 22:22:00
624,Widget 624,Description 624,57.91,2020-01-01 10:23:00,2020-01-01 15:23:00
625,Widget 625,Description 625,95.51,2020-01-01 10:24:00,2020-01-01 21:24:00
626,Widget 626,Description 626,7.24,2020-01-01 10:25:00,2020-01-01 19:25:00
627,Widget 627,Description 627,7.05,2020-01-01 10:26:00,2020-01-02 07:26:00
628,Widget 628,Description 628,59.1,2020-01-01 10:27:00,2020-01-01 17:27:00
629,Widget 629,Description 629,60.68,2020-01-01 10:28:00,2020-01-01 11:28:00
630,Widget 630,Description 630,29.13,2020-01-01 10:29:00,2020-01-01 15:29:00
631,Widget 631,Description 631,30.76,2020-01-01 10:30:00,2020-01-01 11:30:00
632,Widget 632,Description 632,10.31,2020-01-01 10:31:00,2020-01-02 09:31:00
633,Widget 633,Description 633,4.22,2020-01-01 10:32:00,2020-01-01 16:32:00
634,Widget 634,Description 634,10.69,2020-01-01 10:33:00,2020-01-01 14:33:00
635,Widget 635,Description 635,6.75,2020-01-01 10:34:00,2020-01-02 01:34:00
636,Widget 636,Description 636,77.16,2020-01-01 10:35:00,2020-01-01 10:35:00
637,Widget 637,Description 637,62.36,2020-01-01 10:36:00,2020-01-01 16:36:00
638,Widget 638,Description 638,48.34,2020-01-01 10:37:00,2020-01-02 04:37:00
639,Widget 639,Description 639,9.51,2020-01-01 10:38:00,2020-01-02 05:38:00
640,Widget 640,Description 640,56.02,2020-01-01 10:39:00,2020-01-02 05:39:00
641,Widget 641,Description 641,72.7,2020-01-01 10:40:00,2020-01-01 15:40:00
642,Widget 642,Description 642,9.51,2020-01-01 10:41:00,2020-01-01 18:41:00
643,Widget 643,Description 643,72.13,2020-01-01 10:42:00,2020-01-02 00:42:00
644,Widget 644,Description 644,8.25,2020-01-01 10:43:00,2020-01-01 18:43:00
645,Widget 645,Description 645,18.2,2020-01-01 10:44:00,2020-01-01 16:44:00
646,Widget 646,Description 646,48.52,2020-01-01 10:45:00,2020-01-01 23:45:00
647,Widget 647,Description 647,66.22,2020-01-01 10:46:00,2020-01-02 09:46:00
648,Widget 648,Description 648,3.44,2020-01-01 10:47:00,2020-01-01 13:47:00
649,Widget 649,Description 649,76.98,2020-01-01 10:48:00,2020-01-01 20:48:00
650,Widget 650,Description 650,16.7,2020-01-01 10:49:00,2020-01-02 01:49:00
651,Widget 651,Description 651,2.27,2020-01-01 10:50:00,2020-01-01 11:50:00
652,Widget 652,Description 652,38.25,2020-01-01 10:51:00,2020-01-01 11:51:00
653,Widget 653,Description 653,74.85,2020-01-01 10:52:00,2020-01-01 22:52:00
654,Widget 654,Description 654,6.7,2020-01-01 10:53:00,2020-01-01 19:53:00
655,Widget 655,Description 655,50.17,2020-01-01 10:54:00,2020-01-01 19:54:00
656,Widget 656,Description 656,87.92,2020-01-01 10:55:00,2020-01-02 06:55:00
657,Widget 657,Description 657,6.34,2020-01-01 10:56:00,2020-01-01 15:56:00
658,Widget 658,Description 658,55.3,2020-01-01 10:57:00,2020-01-02 04:57:00
659,Widget 659,Description 659,33.69,2020-01-01 10:58:00,2020-01-02 06:58:00
660,Widget 660,Description 660,51.99,2020-01-01 10:59:00,2020-01-01 17:59:00
661,Widget 661,Description 661,65.04,2020-01-01 11:00:00,2020-01-01 16:00:00
662,Widget 662,Description 662,59.64,2020-01-01 11:01:00,2020-01-02 06:01:00
663,Widget 663,Description 663,39.63,2020-01-01 11:02:00,2020-01-02 10:02:00
664,Widget 664,Description 664,47.84,2020-01-01 11:03:00,2020-01-02 05:03:00
665,Widget 665,Description 665,46.73,2020-01-01 11:04:00,2020-01-01 14:04:00
666,Widget 666,Description 666,26.67,2020-01-01 11:05:00,2020-01-02 01:05:00
667,Widget 667,Description 667,76.14,2020-01-01 11:06:00,2020-01-02 07:06:00
668,Widget 668,Description 668,78.18,2020-01-01 11:07:00,2020-01-02 03:07:00
669,Widget 669,Description 669,21.86,2020-01-01 11:08:00,2020-01-01 12:08:00
670,Widget 670,Description 670,36.67,2020-01-01 11:09:00,2020-01-01 23:09:00
671,Widget 671,Description 671,75.62,2020-01-01 11:10:00,2020-01-02 04:10:00
672,Widget 672,Description 672,18.12,2020-01-01 11:11:00,2020-01-01 20:11:00
673,Widget 673,Description 673,32.87,2020-01-01 11:12:00,2020-01-01 11:12:00
674,Widget 674,Description 674,61.23,2020-01-01 11:13:00,2020-01-02 10:13:00
675,Widget 675,Description 675,13.94,2020-01-01 11:14:00,2020-01-02 06:14:00
676,Widget 676,Description 676,52.62,2020-01-01 11:15:00,2020-01-01 18:15:00
677,Widget 677,Description 677,35.48,2020-01-01 11:16:00,2020-01-01 12:16:00
678,Widget 678,Description 678,73.12,2020-01-01 11:17:00,2020-01-01 15:17:00
679,Widget 679,Description 679,77.33,2020-01-01 11:18:00,2020-01-02 03:18:00
680,Widget 680,Description 680,63.49,2020-01-01 11:19:00,2020-01-01 14:19:00
681,Widget 681,Description 681,6.1,2020-01-01 11:20:00,2020-01-02 07:20:00
682,Widget 682,Description 682,91.63,2020-01-01 11:21:00,2020-01-01 15:21:00
683,Widget 683,Description 683,37.35,2020-01-01 11:22:00,2020-01-01 13:22:00
684,Widget 684,Description 684,50.82,2020-01-01 11:23:00,2020-01-01 15:23:00
685,Widget 685,Description 685,7.35,2020-01-01 11:24:00,2020-01-02 06:24:00
686,Widget 686,Description 686,97.64,2020-01-01 11:25:00,2020-01-01 21:25:00
687,Widget 687,Description 687,50.01,2020-01-01 11:26:00,2020-01-01 12:26:00
688,Widget 688,Description 688,43.79,2020-01-01 11:27:00,2020-01-01 22:27:00
689,Widget 689,Description 689,2.26,2020-01-01 11:28:00,2020-01-02 07:28:00
690,Widget 690,Description 690,9.4,2020-01-01 11:29:00,2020-01-02 07:29:00
691,Widget 691,Description 691,25.58,2020-01-01 11:30:00,2020-01-01 11:30:00
692,Widget 692,Description 692,51.04,2020-01-01 11:31:00,2020-01-02 04:31:00
693,Widget 693,Description 693,89.4,2020-01-01 11:32:00,2020-01-01 21:32:00
694,Widget 694,Description 694,49.25,2020-01-01 11:33:00,2020-01-02 08:33:00
695,Widget 695,Description 695,93.75,2020-01-01 11:34:00,2020-01-01 19:34:00
696,Widget 696,Description 696,50.6,2020-01-01 11:35:00,2020-01-02 10:35:00
697,Widget 697,Description 697,13.04,2020-01-01 11:36:00,2020-01-02 00:36:00
698,Widget 698,Description 698,36.94,2020-01-01 11:37:00,2020-01-02 06:37:00
699,Widget 699,Description 699,49.92,2020-01-01 11:38:00,2020-01-02 05:38:00
700,Widget 700,Description 700,2.66,2020-01-01 11:39:00,2020-01-01 17:39:00
701,Widget 701,Description 701,2.4,2020-01-01 11:40:00,2020-01-01 22:40:00
702,Widget 702,Description 702,28.21,2020-01-01 11:41:00,2020-01-01 18:41:00
703,Widget 703,Description 703,87.56,2020-01-01 11:42:00,2020-01-02 07:42:00
704,Widget 704,Description 704,32.14,2020-01-01 11:43:00,2020-01-01 14:43:00
705,Widget 705,Description 705,19.91,2020-01-01 11:44:00,2020-01-01 22:44:00
706,Widget 706,Description 706,32.38,2020-01-01 11:45:00,2020-01-02 09:45:00
707,Widget 707,Description 707,99.05,2020-01-01 11:46:00,2020-01-01 11:46:00
708,Widget 708,Description 708,93.31,2020-01-01 11:47:00,2020-01-01 23:47:00
709,Widget 709,Description 709,70.29,2020-01-01 11:48:00,2020-01-01 23:48:00
710,Widget 710,Description 710,57.53,2020-01-01 11:49:00,2020-01-01 23:49:00
711,Widget 711,Description 711,78.23,2020-01-01 11:50:00,2020-01-01 12:50:00
712,Widget 712,Description 712,86.86,2020-01-01 11:51:00,2020-01-02 03:51:00
713,Widget 713,Description 713,8.46,2020-01-01 11:52:00,2020-01-02 09:52:00
714,Widget 714,Description 714,99.32,2020-01-01 11:53:00,2020-01-01 19:53:00
715,Widget 715,Description 715,45.87,2020-01-01 11:54:00,2020-01-01 22:54:00
716,Widget 716,Description 716,78.33,2020-01-01 11:55:00,2020-01-01 14:55:00
717,Widget 717,Description 717,70.55,2020-01-01 11:56:00,2020-01-01 12:56:00
718,Widget 718,Description 718,45.19,2020-01-01 11:57:00,2020-01-02 01:57:00
719,Widget 719,Description 719,62.04,2020-01-01 11:58:00,2020-01-01 16:58:00
720,Widget 720,Description 720,71.53,2020-01-01 11:59:00,2020-01-01 23:59:00
721,Widget 721,Description 721,6.8,2020-01-01 12:00:00,2020-01-01 15:00:00
722,Widget 722,Description 722,94.07,2020-01-01 12:01:00,2020-01-02 01:01:00
723,Widget 723,Description 723,54.43,2020-01-01 12:02:00,2020-01-02 10:02:00
724,Widget 724,Description 724,78.58,2020-01-01 12:03:00,2020-01-02 09:03:00
725,Widget 725,Description 725,91.14,2020-01-01 12:04:00,2020-01-01 22:04:00
726,Widget 726,Description 726,7.24,2020-01-01 12:05:00,2020-01-02 11:05:00
727,Widget 727,Description 727,44.86,2020-01-01 12:06:00,2020-01-01 20:06:00
728,Widget 728,Description 728,84.26,2020-01-01 12:07:00,2020-01-02 09:07:00
729,Widget 729,Description 729,77.04,2020-01-01 12:08:00,2020-01-01 12:08:00
730,Widget 730,Description 730,57.83,2020-01-01 12:09:00,2020-01-02 11:09:00
731,Widget 731,Description 731,91.37,2020-01-01 12:10:00,2020-01-01 21:10:00
732,Widget 732,Description 732,35.33,2020-01-01 12:11:00,2020-01-02 05:11:00
733,Widget 733,Description 733,29.25,2020-01-01 12:12:00,2020-01-01 20:12:00
734,Widget 734,Description 734,16.1,2020-01-01 12:13:00,2020-01-02 07:13:00
735,Widget 735,Description 735,76.87,2020-01-01 12:14:00,2020-01-01 14:14:00
736,Widget 736,Description 736,7.87,2020-01-01 12:15:00,2020-01-01 17:15:00
737,Widget 737,Description 737,80.68,2020-01-01 12:16:00,2020-01-02 08:16:00
738,Widget 738,Description 738,12.15,2020-01-01 12:17:00,2020-01-01 19:17:00
739,Widget 739,Description 739,37.67,2020-01-01 12:18:00,2020-01-01 21:18:00
740,Widget 740,Description 740,12.25,2020-01-01 12:19:00,2020-01-01 19:19:00
741,Widget 741,Description 741,48.95,2020-01-01 12:20:00,2020-01-02 03:20:00
742,Widget 742,Description 742,88.65,2020-01-01 12:21:00,2020-01-02 07:21:00
743,Widget 743,Description 743,31.6,2020-01-01 12:22:00,2020-01-01 18:22:00
744,Widget 744,Description 744,34.76,2020-01-01 12:23:00,2020-01-01 18:23:00
745,Widget 745,Description 745,34.85,2020-01-01 12:24:00,2020-01-01 16:24:00
746,Widget 746,Description 746,38.04,2020-01-01 12:25:00,2020-01-01 13:25:00
747,Widget 747,Description 747,12.14,2020-01-01 12:26:00,2020-01-02 11:26:00
748,Widget 748,Description 748,98.61,2020-01-01 12:27:00,2020-01-01 13:27:00
749,Widget 749,Description 749,5.92,2020-01-01 12:28:00,2020-01-02 01:28:00
750,Widget 750,Description 750,91.24,2020-01-01 12:29:00,2020-01-01 17:29:00
751,Widget 751,Description 751,27.09,2020-01-01 12:30:00,2020-01-02 03:30:00
752,Widget 752,Description 752,70.1,2020-01-01 12:31:00,2020-01-02 01:31:00
753,Widget 753,Description 753,41.94,2020-01-01 12:32:00,2020-01-01 16:32:00
754,Widget 754,Description 754,32.59,2020-01-01 12:33:00,2020-01-01 16:33:00
755,Widget 755,Description 755,17.96,2020-01-01 12:34:00,2020-01-01 12:34:00
756,Widget 756,Description 756,35.12,2020-01-01 12:35:00,2020-01-02 04:35:00
757,Widget 757,Description 757,88.43,2020-01-01 12:36:00,2020-01-02 09:36:00
758,Widget 758,Description 758,19.8,2020-01-01 12:37:00,2020-01-02 07:37:00
759,Widget 759,Description 759,80.56,2020-01-01 12:38:00,2020-01-02 05:38:00
760,Widget 760,Description 760,14.31,2020-01-01 12:39:00,2020-01-02 07:39:00
761,Widget 761,Description 761,97.44,2020-01-01 12:40:00,2020-01-02 10:40:00
762,Widget 762,Description 762,31.25,2020-01-01 12:41:00,2020-01-01 20:41:00
763,Widget 763,Description 763,13.53,2020-01-01 12:42:00,2020-01-02 10:42:00
764,Widget 764,Description 764,15.68,2020-01-01 12:43:00,2020-01-01 15:43:00
765,Widget 765,Description 765,74.51,2020-01-01 12:44:00,2020-01-02 00:44:00
766,Widget 766,Description 766,10.0,2020-01-01 12:45:00,2020-01-02 07:45:00
767,Widget 767,Description 767,73.59,2020-01-01 12:46:00,2020-01-02 00:46:00
768,Widget 768,Description 768,85.43,2020-01-01 12:47:00,2020-01-01 18:47:00
769,Widget 769,Description 769,4.7,2020-01-01 12:48:00,2020-01-01 12:48:00
770,Widget 770,Description 770,84.88,2020-01-01 12:49:00,2020-01-02 07:49:00
771,Widget 771,Description 771,83.76,2020-01-01 12:50:00,2020-01-02 04:50:00
772,Widget 772,Description 772,35.29,2020-01-01 12:51:00,2020-01-02 06:51:00
773,Widget 773,Description 773,61.89,2020-01-01 12:52:00,2020-01-02 07:52:00
774,Widget 774,Description 774,71.64,2020-01-01 12:53:00,2020-01-02 07:53:00
775,Widget 775,Description 775,16.08,2020-01-01 12:54:00,2020-01-01 18:54:00
776,Widget 776,Description 776,42.78,2020-01-01 12:55:00,2020-01-02 08:55:00
777,Widget 777,Description 777,72.42,2020-01-01 12:56:00,2020-01-01 15:56:00
778,Widget 778,Description 778,14.59,2020-01-01 12:57:00,2020-01-01 21:57:00
779,Widget 779,Description 779,83.88,2020-01-01 12:58:00,2020-01-02 06:58:00
780,Widget 780,Description 780,25.71,2020-01-01 12:59:00,2020-01-01 18:59:00
781,Widget 781,Description 781,57.62,2020-01-01 13:00:00,2020-01-02 08:00:00
782,Widget 782,Description 782,76.24,2020-01-01 13:01:00,2020-01-01 22:01:00
783,Widget 783,Description 783,82.74,2020-01-01 13:02:00,2020-01-01 17:02:00
784,Widget 784,Description 784,74.08,2020-01-01 13:03:00,2020-01-01 15:03:00
785,Widget 785,Description 785,40.78,2020-01-01 13:04:00,2020-01-02 04:04:00
786,Widget 786,Description 786,41.12,2020-01-01 13:05:00,2020-01-02 01:05:00
787,Widget 787,Description 787,99.57,2020-01-01 13:06:00,2020-01-02 08:06:00
788,Widget 788,Description 788,62.07,2020-01-01 13:07:00,2020-01-01 17:07:00
789,Widget 789,Description 789,48.5,2020-01-01 13:08:00,2020-01-02 08:08:00
790,Widget 790,Description 790,30.79,2020-01-01 13:09:00,2020-01-02 03:09:00
791,Widget 791,Description 791,49.91,2020-01-01 13:10:00,2020-01-02 09:10:00
792,Widget 792,Description 792,35.66,2020-01-01 13:11:00,2020-01-01 21:11:00
793,Widget 793,Description 793,44.84,2020-01-01 13:12:00,2020-01-02 07:12:00
794,Widget 794,Description 794,7.48,2020-01-01 13:13:00,2020-01-01 23:13:00
795,Widget 795,Description 795,30.08,2020-01-01 13:14:00,2020-01-02 01:14:00
796,Widget 796,Description 796,33.28,2020-01-01 13:15:00,2020-01-02 07:15:00
797,Widget 797,Description 797,35.94,2020-01-01 13:16:00,2020-01-01 18:16:00
798,Widget 798,Description 798,80.66,2020-01-01 13:17:00,2020-01-02 03:17:00
799,Widget 799,Description 799,47.99,2020-01-01 13:18:00,2020-01-02 05:18:00
800,Widget 800,Description 800,71.71,2020-01-01 13:19:00,2020-01-01 19:19:00
801,Widget 801,Description 801,34.84,2020-01-01 13:20:00,2020-01-02 10:20:00
802,Widget 802,Description 802,28.49,2020-01-01 13:21:00,2020-01-01 22:21:00
803,Widget 803,Description 803,93.63,2020-01-01 13:22:00,2020-01-02 10:22:00
804,Widget 804,Description 804,23.44,2020-01-01 13:23:00,2020-01-02 12:23:00
805,Widget 805,Description 805,23.95,2020-01-01 13:24:00,2020-01-01 15:24:00
806,Widget 806,Description 806,81.64,2020-01-01 13:25:00,2020-01-01 15:25:00
807,Widget 807,Description 807,94.62,2020-01-01 13:26:00,2020-01-02 10:26:00
808,Widget 808,Description 808,72.6,2020-01-01 13:27:00,2020-01-01 17:27:00
809,Widget 809,Description 809,97.1,2020-01-01 13:28:00,2020-01-02 05:28:00
810,Widget 810,Description 810,90.03,2020-01-01 13:29:00,2020-01-02 06:29:00
811,Widget 811,Description 811,94.37,2020-01-01 13:30:00,2020-01-02 04:30:00
812,Widget 812,Description 812,67.73,2020-01-01 13:31:00,2020-01-02 11:31:00
813,Widget 813,Description 813,5.66,2020-01-01 13:32:00,2020-01-01 18:32:00
814,Widget 814,Description 814,13.27,2020-01-01 13:33:00,2020-01-02 05:33:00
815,Widget 815,Description 815,79.09,2020-01-01 13:34:00,2020-01-02 04:34:00
816,Widget 816,Description 816,70.2,2020-01-01 13:35:00,2020-01-01 14:35:00
817,Widget 817,Description 817,6.88,2020-01-01 13:36:00,2020-01-02 00:36:00
818,Widget 818,Description 818,9.04,2020-01-01 13:37:00,2020-01-02 08:37:00
819,Widget 819,Description 819,71.01,2020-01-01 13:38:00,2020-01-02 08:38:00
820,Widget 820,Description 820,3.41,2020-01-01 13:39:00,2020-01-02 12:39:00
821,Widget 821,Description 821,15.17,2020-01-01 13:40:00,2020-01-01 19:40:00
822,Widget 822,Description 822,45.54,2020-01-01 13:41:00,2020-01-01 23:41:00
823,Widget 823,Description 823,15.62,2020-01-01 13:42:00,2020-01-02 09:42:00
824,Widget 824,Description 824,94.68,2020-01-01 13:43:00,2020-01-02 09:43:00
825,Widget 825,Description 825,59.91,2020-01-01 13:44:00,2020-01-02 12:44:00
826,Widget 826,Description 826,51.89,2020-01-01 13:45:00,2020-01-01 13:45:00
827,Widget 827,Description 827,72.21,2020-01-01 13:46:00,2020-01-01 20:46:00
828,Widget 828,Description 828,7.33,2020-01-01 13:47:00,2020-01-01 14:47:00
829,Widget 829,Description 829,37.2,2020-01-01 13:48:00,2020-01-01 13:48:00
830,Widget 830,Description 830,42.11,2020-01-01 13:49:00,2020-01-02 08:49:00
831,Widget 831,Description 831,20.74,2020-01-01 13:50:00,2020-01-02 07:50:00
832,Widget 832,Description 832,68.6,2020-01-01 13:51:00,2020-01-02 06:51:00
833,Widget 833,Description 833,2.74,2020-01-01 13:52:00,2020-01-02 01:52:00
834,Widget 834,Description 834,8.02,2020-01-01 13:53:00,2020-01-01 15:53:00
835,Widget 835,Description 835,49.45,2020-01-01 13:54:00,2020-01-02 07:54:00
836,Widget 836,Description 836,94.35,2020-01-01 13:55:00,2020-01-01 20:55:00
837,Widget 837,Description 837,66.75,2020-01-01 13:56:00,2020-01-01 21:56:00
838,Widget 838,Description 838,83.57,2020-01-01 13:57:00,2020-01-01 15:57:00
839,Widget 839,Description 839,76.81,2020-01-01 13:58:00,2020-01-02 08:58:00
840,Widget 840,Description 840,10.73,2020-01-01 13:59:00,2020-01-02 01:59:00
841,Widget 841,Description 841,73.03,2020-01-01 14:00:00,2020-01-02 11:00:00
842,Widget 842,Description 842,3.13,2020-01-01 14:01:00,2020-01-02 11:01:00
843,Widget 843,Description 843,15.46,2020-01-01 14:02:00,2020-01-02 04:02:00
844,Widget 844,Description 844,50.52,2020-01-01 14:03:00,2020-01-02 09:03:00
845,Widget 845,Description 845,22.39,2020-01-01 14:04:00,2020-01-02 03:04:00
846,Widget 846,Description 846,95.46,2020-01-01 14:05:00,2020-01-02 04:05:00
847,Widget 847,Description 847,94.78,2020-01-01 14:06:00,2020-01-01 18:06:00
848,Widget 848,Description 848,77.02,2020-01-01 14:07:00,2020-01-01 14:07:00
849,Widget 849,Description 849,32.94,2020-01-01 14:08:00,2020-01-01 17:08:00
850,Widget 850,Description 850,54.49,2020-01-01 14:09:00,2020-01-02 07:09:00
851,Widget 851,Description 851,26.28,2020-01-01 14:10:00,2020-01-02 13:10:00
852,Widget 852,Description 852,68.7,2020-01-01 14:11:00,2020-01-02 03:11:00
853,Widget 853,Description 853,62.55,2020-01-01 14:12:00,2020-01-02 01:12:00
854,Widget 854,Description 854,43.37,2020-01-01 14:13:00,2020-01-02 04:13:00
855,Widget 855,Description 855,2.89,2020-01-01 14:14:00,2020-01-02 00:14:00
856,Widget 856,Description 856,1.8,2020-01-01 14:15:00,2020-01-02 06:15:00
857,Widget 857,Description 857,69.34,2020-01-01 14:16:00,2020-01-02 10:16:00
858,Widget 858,Description 858,58.81,2020-01-01 14:17:00,2020-01-02 07:17:00
859,Widget 859,Description 859,55.91,2020-01-01 14:18:00,2020-01-01 21:18:00
860,Widget 860,Description 860,87.61,2020-01-01 14:19:00,2020-01-01 21:19:00
861,Widget 861,Description 861,37.95,2020-01-01 14:20:00,2020-01-01 14:20:00
862,Widget 862,Description 862,45.3,2020-01-01 14:21:00,2020-01-01 22:21:00
863,Widget 863,Description 863,64.79,2020-01-01 14:22:00,2020-01-02 00:22:00
864,Widget 864,Description 864,70.21,2020-01-01 14:23:00,2020-01-02 08:23:00
865,Widget 865,Description 865,54.2,2020-01-01 14:24:00,2020-01-01 19:24:00
866,Widget 866,Description 866,77.29,2020-01-01 14:25:00,2020-01-01 17:25:00
867,Widget 867,Description 867,25.88,2020-01-01 14:26:00,2020-01-02 10:26:00
868,Widget 868,Description 868,3.4,2020-01-01 14:27:00,2020-01-02 08:27:00
869,Widget 869,Description 869,39.97,2020-01-01 14:28:00,2020-01-02 11:28:00
870,Widget 870,Description 870,65.82,2020-01-01 14:29:00,2020-01-01 14:29:00
871,Widget 871,Description 871,35.24,2020-01-01 14:30:00,2020-01-02 04:30:00
872,Widget 872,Description 872,58.92,2020-01-01 14:31:00,2020-01-02 02:31:00
873,Widget 873,Description 873,83.7,2020-01-01 14:32:00,2020-01-02 11:32:00
874,Widget 874,Description 874,48.78,2020-01-01 14:33:00,2020-01-02 07:33:00
875,Widget 875,Description 875,87.15,2020-01-01 14:34:00,2020-01-01 16:34:00
876,Widget 876,Description 876,21.39,2020-01-01 14:35:00,2020-01-01 17:35:00
877,Widget 877,Description 877,48.49,2020-01-01 14:36:00,2020-01-01 21:36:00
878,Widget 878,Description 878,94.73,2020-01-01 14:37:00,2020-01-02 00:37:00
879,Widget 879,Description 879,2.51,2020-01-01 14:38:00,2020-01-02 02:38:00
880,Widget 880,Description 880,99.87,2020-01-01 14:39:00,2020-01-02 03:39:00
881,Widget 881,Description 881,57.17,2020-01-01 14:40:00,2020-01-01 14:40:00
882,Widget 882,Description 882,93.94,2020-01-01 14:41:00,2020-01-02 10:41:00
883,Widget 883,Description 883,56.74,2020-01-01 14:42:00,2020-01-01 22:42:00
884,Widget 884,Description 884,89.12,2020-01-01 14:43:00,2020-01-02 06:43:00
885,Widget 885,Description 885,48.95,2020-01-01 14:44:00,2020-01-01 19:44:00
886,Widget 886,Description 886,58.08,2020-01-01 14:45:00,2020-01-01 15:45:00
887,Widget 887,Description 887,11.11,2020-01-01 14:46:00,2020-01-02 07:46:00
888,Widget 888,Description 888,71.65,2020-01-01 14:47:00,2020-01-02 00:47:00
889,Widget 889,Description 889,29.93,2020-01-01 14:48:00,2020-01-01 21:48:00
890,Widget 890,Description 890,29.22,2020-01-01 14:49:00,2020-01-02 03:49:00
891,Widget 891,Description 891,72.16,2020-01-01 14:50:00,2020-01-02 10:50:00
892,Widget 892,Description 892,72.71,2020-01-01 14:51:00,2020-01-02 04:51:00
893,Widget 893,Description 893,13.55,2020-01-01 14:52:00,2020-01-02 01:52:00
894,Widget 894,Description 894,58.93,2020-01-01 14:53:00,2020-01-02 12:53:00
895,Widget 895,Description 895,29.7,2020-01-01 14:54:00,2020-01-02 00:54:00
896,Widget 896,Description 896,28.74,2020-01-01 14:55:00,2020-01-01 23:55:00
897,Widget 897,Description 897,4.58,2020-01-01 14:56:00,2020-01-01 20:56:00
898,Widget 898,Description 898,77.68,2020-01-01 14:57:00,2020-01-01 18:57:00
899,Widget 899,Description 899,24.6,2020-01-01 14:58:00,2020-01-02 04:58:00
900,Widget 900,Description 900,19.47,2020-01-01 14:59:00,2020-01-02 07:59:00
901,Widget 901,Description 901,17.03,2020-01-01 15:00:00,2020-01-02 12:00:00
902,Widget 902,Description 902,55.86,2020-01-01 15:01:00,2020-01-01 22:01:00
903,Widget 903,Description 903,14.1,2020-01-01 15:02:00,2020-01-01 20:02:00
904,Widget 904,Description 904,84.22,2020-01-01 15:03:00,2020-01-02 08:03:00
905,Widget 905,Description 905,29.68,2020-01-01 15:04:00,2020-01-02 01:04:00
906,Widget 906,Description 906,61.11,2020-01-01 15:05:00,2020-01-01 22:05:00
907,Widget 907,Description 907,88.64,2020-01-01 15:06:00,2020-01-01 22:06:00
908,Widget 908,Description 908,12.94,2020-01-01 15:07:00,2020-01-02 13:07:00
909,Widget 909,Description 909,12.35,2020-01-01 15:08:00,2020-01-01 21:08:00
910,Widget 910,Description 910,60.01,2020-01-01 15:09:00,2020-01-01 16:09:00
911,Widget 911,Description 911,49.01,2020-01-01 15:10:00,2020-01-01 19:10:00
912,Widget 912,Description 912,3.24,2020-01-01 15:11:00,2020-01-02 05:11:00
913,Widget 913,Description 913,60.87,2020-01-01 15:12:00,2020-01-02 11:12:00
914,Widget 914,Description 914,73.33,2020-01-01 15:13:00,2020-01-01 20:13:00
915,Widget 915,Description 915,5.01,2020-01-01 15:14:00,2020-01-02 14:14:00
916,Widget 916,Description 916,87.89,2020-01-01 15:15:00,2020-01-02 00:15:00
917,Widget 917,Description 917,55.54,2020-01-01 15:16:00,2020-01-02 07:16:00
918,Widget 918,Description 918,18.97,2020-01-01 15:17:00,2020-01-02 10:17:00
919,Widget 919,Description 919,67.71,2020-01-01 15:18:00,2020-01-02 07:18:00
920,Widget 920,Description 920,73.01,2020-01-01 15:19:00,2020-01-02 06:19:00
921,Widget 921,Description 921,14.55,2020-01-01 15:20:00,2020-01-01 18:20:00
922,Widget 922,Description 922,96.11,2020-01-01 15:21:00,2020-01-01 19:21:00
923,Widget 923,Description 923,3.39,2020-01-01 15:22:00,2020-01-01 20:22:00
924,Widget 924,Description 924,42.96,2020-01-01 15:23:00,2020-01-02 11:23:00
925,Widget 925,Description 925,36.53,2020-01-01 15:24:00,2020-01-02 01:24:00
926,Widget 926,Description 926,66.25,2020-01-01 15:25:00,2020-01-01 15:25:00
927,Widget 927,Description 927,68.29,2020-01-01 15:26:00,2020-01-02 14:26:00
928,Widget 928,Description 928,61.47,2020-01-01 15:27:00,2020-01-01 23:27:00
929,Widget 929,Description 929,79.25,2020-01-01 15:28:00,2020-01-01 15:28:00
930,Widget 930,Description 930,57.37,2020-01-01 15:29:00,2020-01-01 21:29:00
931,Widget 931,Description 931,89.95,2020-01-01 15:30:00,2020-01-02 11:30:00
932,Widget 932,Description 932,8.5,2020-01-01 15:31:00,2020-01-01 23:31:00
933,Widget 933,Description 933,39.67,2020-01-01 15:32:00,2020-01-01 19:32:00
934,Widget 934,Description 934,38.39,2020-01-01 15:33:00,2020-01-02 12:33:00
935,Widget 935,Description 935,34.08,2020-01-01 15:34:00,2020-01-02 08:34:00
936,Widget 936,Description 936,99.75,2020-01-01 15:35:00,2020-01-02 12:35:00
937,Widget 937,Description 937,47.93,2020-01-01 15:36:00,2020-01-02 08:36:00
938,Widget 938,Description 938,43.56,2020-01-01 15:37:00,2020-01-01 21:37:00
939,Widget 939,Description 939,99.35,2020-01-01 15:38:00,2020-01-02 03:38:00
940,Widget 940,Description 940,90.31,2020-01-01 15:39:00,2020-01-02 07:39:00
941,Widget 941,Description 941,33.74,2020-01-01 15:40:00,2020-01-01 18:40:00
942,Widget 942,Description 942,39.16,2020-01-01 15:41:00,2020-01-02 13:41:00
943,Widget 943,Description 943,80.32,2020-01-01 15:42:00,2020-01-02 13:42:00
944,Widget 944,Description 944,99.47,2020-01-01 15:43:00,2020-01-01 23:43:00
945,Widget 945,Description 945,71.18,2020-01-01 15:44:00,2020-01-01 18:44:00
946,Widget 946,Description 946,43.13,2020-01-01 15:45:00,2020-01-01 17:45:00
947,Widget 947,Description 947,24.97,2020-01-01 15:46:00,2020-01-02 02:46:00
948,Widget 948,Description 948,51.0,2020-01-01 15:47:00,2020-01-02 03:47:00
949,Widget 949,Description 949,10.07,2020-01-01 15:48:00,2020-01-02 08:48:00
950,Widget 950,Description 950,62.19,2020-01-01 15:49:00,2020-01-02 05:49:00
951,Widget 951,Description 951,83.73,2020-01-01 15:50:00,2020-01-02 06:50:00
952,Widget 952,Description 952,48.62,2020-01-01 15:51:00,2020-01-02 08:51:00
953,Widget 953,Description 953,14.51,2020-01-01 15:52:00,2020-01-02 14:52:00
954,Widget 954,Description 954,57.0,2020-01-01 15:53:00,2020-01-01 17:53:00
955,Widget 955,Description 955,16.68,2020-01-01 15:54:00,2020-01-02 10:54:00
956,Widget 956,Description 956,50.87,2020-01-01 15:55:00,2020-01-02 11:55:00
957,Widget 957,Description 957,81.95,2020-01-01 15:56:00,2020-01-02 10:56:00
958,Widget 958,Description 958,96.46,2020-01-01 15:57:00,2020-01-01 23:57:00
959,Widget 959,Description 959,75.91,2020-01-01 15:58:00,2020-01-02 11:58:00
960,Widget 960,Description 960,3.11,2020-01-01 15:59:00,2020-01-02 07:59:00
961,Widget 961,Description 961,4.02,2020-01-01 16:00:00,2020-01-02 06:00:00
962,Widget 962,Description 962,47.61,2020-01-01 16:01:00,2020-01-02 13:01:00
963,Widget 963,Description 963,81.51,2020-01-01 16:02:00,2020-01-01 21:02:00
964,Widget 964,Description 964,27.48,2020-01-01 16:03:00,2020-01-01 17:03:00
965,Widget 965,Description 965,28.16,2020-01-01 16:04:00,2020-01-02 13:04:00
966,Widget 966,Description 966,82.35,2020-01-01 16:05:00,2020-01-02 04:05:00
967,Widget 967,Description 967,83.8,2020-01-01 16:06:00,2020-01-02 07:06:00
968,Widget 968,Description 968,4.44,2020-01-01 16:07:00,2020-01-01 19:07:00
969,Widget 969,Description 969,55.82,2020-01-01 16:08:00,2020-01-02 10:08:00
970,Widget 970,Description 970,8.17,2020-01-01 16:09:00,2020-01-02 06:09:00
971,Widget 971,Description 971,78.15,2020-01-01 16:10:00,2020-01-02 15:10:00
972,Widget 972,Description 972,49.67,2020-01-01 16:11:00,2020-01-02 15:11:00
973,Widget 973,Description 973,49.96,2020-01-01 16:12:00,2020-01-02 14:12:00
974,Widget 974,Description 974,8.78,2020-01-01 16:13:00,2020-01-01 22:13:00
975,Widget 975,Description 975,10.39,2020-01-01 16:14:00,2020-01-01 17:14:00
976,Widget 976,Description 976,14.24,2020-01-01 16:15:00,2020-01-01 18:15:00
977,Widget 977,Description 977,62.34,2020-01-01 16:16:00,2020-01-02 01:16:00
978,Widget 978,Description 978,62.67,2020-01-01 16:17:00,2020-01-01 20:17:00
979,Widget 979,Description 979,64.5,2020-01-01 16:18:00,2020-01-01 18:18:00
980,Widget 980,Description 980,13.24,2020-01-01 16:19:00,2020-01-01 17:19:00
981,Widget 981,Description 981,68.03,2020-01-01 16:20:00,2020-01-01 18:20:00
982,Widget 982,Description 982,72.38,2020-01-01 16:21:00,2020-01-01 20:21:00
983,Widget 983,Description 983,63.28,2020-01-01 16:22:00,2020-01-02 05:22:00
984,Widget 984,Description 984,83.33,2020-01-01 16:23:00,2020-01-01 16:23:00
985,Widget 985,Description 985,54.41,2020-01-01 16:24:00,2020-01-02 07:24:00
986,Widget 986,Description 986,38.05,2020-01-01 16:25:00,2020-01-01 19:25:00
987,Widget 987,Description 987,4.17,2020-01-01 16:26:00,2020-01-02 09:26:00
988,Widget 988,Description 988,14.48,2020-01-01 16:27:00,2020-01-01 16:27:00
989,Widget 989,Description 989,38.44,2020-01-01 16:28:00,2020-01-02 11:28:00
990,Widget 990,Description 990,90.34,2020-01-01 16:29:00,2020-01-02 07:29:00
991,Widget 991,Description 991,41.27,2020-01-01 16:30:00,2020-01-02 12:30:00
992,Widget 992,Description 992,12.81,2020-01-01 16:31:00,2020-01-01 16:31:00
993,Widget 993,Description 993,50.3,2020-01-01 16:32:00,2020-01-02 14:32:00
994,Widget 994,Description 994,99.94,2020-01-01 16:33:00,2020-01-02 05:33:00
995,Widget 995,Description 995,14.89,2020-01-01 16:34:00,2020-01-01 21:34:00
996,Widget 996,Description 996,97.27,2020-01-01 16:35:00,2020-01-02 10:35:00
997,Widget 997,Description 997,69.09,2020-01-01 16:36:00,2020-01-02 15:36:00
998,Widget 998,Description 998,80.36,2020-01-01 16:37:00,2020-01-02 15:37:00
999,Widget 999,Description 999,20.59,2020-01-01 16:38:00,2020-01-01 18:38:00
1000,Widget 1000,Description 1000,25.72,2020-01-01 16:39:00,2020-01-01 22:39:00
